Full title,Title29,Title20,ISSN,EISSN,Category name
ACADEMIC PSYCHIATRY,ACAD PSYCHIATRY,ACAD PSYCHIATR,1042-9670,1545-7230,PSYCHIATRY/PSYCHOLOGY
ACTA PSYCHIATRICA SCANDINAVICA,ACTA PSYCHIAT SCAND,ACTA PSYCHIAT SCAND,0001-690X,1600-0447,PSYCHIATRY/PSYCHOLOGY
ACTA PSYCHOLOGICA,ACTA PSYCHOL,ACTA PSYCHOL,0001-6918,1873-6297,PSYCHIATRY/PSYCHOLOGY
ACTAS ESPANOLAS DE PSIQUIATRIA,ACTAS ESP PSIQUIATRIA,ACTAS ESP PSIQUIATRI,1139-9287,1578-2735,PSYCHIATRY/PSYCHOLOGY
ADAPTIVE BEHAVIOR,ADAPT BEHAV,ADAPT BEHAV,1059-7123,1741-2633,PSYCHIATRY/PSYCHOLOGY
ADDICTIVE BEHAVIORS,ADDICT BEHAV,ADDICT BEHAV,0306-4603,1873-6327,PSYCHIATRY/PSYCHOLOGY
Advances in Child Development and Behavior,ADV CHILD DEVELOP BEHAV,ADV CHILD DEV BEHAV,0065-2407,null,PSYCHIATRY/PSYCHOLOGY
Advances in Cognitive Psychology,ADV COGN PSYCHOL,ADV COGN PSYCHOL,1895-1171,1895-1171,PSYCHIATRY/PSYCHOLOGY
Advances in Experimental Social Psychology,ADV EXP SOC PSYCHOL,ADV EXP SOC PSYCHOL,0065-2601,null,PSYCHIATRY/PSYCHOLOGY
Advances in Psychosomatic Medicine,ADVAN PSYCHOSOM MED,ADV PSYCHOSOM MED,0065-3268,1662-2855,PSYCHIATRY/PSYCHOLOGY
AGGRESSION AND VIOLENT BEHAVIOR,AGGRESS VIOLENT BEHAVIOR,AGGRESS VIOLENT BEH,1359-1789,1873-6335,PSYCHIATRY/PSYCHOLOGY
AGGRESSIVE BEHAVIOR,AGGRESS BEHAV,AGGRESSIVE BEHAV,0096-140X,1098-2337,PSYCHIATRY/PSYCHOLOGY
AGING & MENTAL HEALTH,AGING MENT HEALTH,AGING MENT HEALTH,1360-7863,1364-6915,PSYCHIATRY/PSYCHOLOGY
AGING NEUROPSYCHOLOGY AND COGNITION,AGING NEUROPSYCHOL COGN,AGING NEUROPSYCHOL C,1382-5585,1744-4128,PSYCHIATRY/PSYCHOLOGY
AIDS AND BEHAVIOR,AIDS BEHAV,AIDS BEHAV,1090-7165,1573-3254,PSYCHIATRY/PSYCHOLOGY
AMERICAN BEHAVIORAL SCIENTIST,AMER BEHAV SCI,AM BEHAV SCI,0002-7642,1552-3381,PSYCHIATRY/PSYCHOLOGY
AMERICAN INDIAN AND ALASKA NATIVE MENTAL HEALTH RESEARCH,AMER INDIAN ALASKA NATIV MENT,AM INDIAN ALASKA NAT,1533-7731,1533-7731,PSYCHIATRY/PSYCHOLOGY
AMERICAN JOURNAL OF CLINICAL HYPNOSIS,AMER J CLIN HYPN,AM J CLIN HYPN,0002-9157,2160-0562,PSYCHIATRY/PSYCHOLOGY
AMERICAN JOURNAL OF COMMUNITY PSYCHOLOGY,AMER J COMMUN PSYCHOL,AM J COMMUN PSYCHOL,0091-0562,1573-2770,PSYCHIATRY/PSYCHOLOGY
AMERICAN JOURNAL OF FAMILY THERAPY,AMER J FAM THER,AM J FAM THER,0192-6187,1521-0383,PSYCHIATRY/PSYCHOLOGY
AMERICAN JOURNAL OF GERIATRIC PSYCHIATRY,AMER J GERIATR PSYCHIATR,AM J GERIAT PSYCHIAT,1064-7481,1545-7214,PSYCHIATRY/PSYCHOLOGY
AMERICAN JOURNAL OF PSYCHIATRY,AMER J PSYCHIAT,AM J PSYCHIAT,0002-953X,1535-7228,PSYCHIATRY/PSYCHOLOGY
AMERICAN JOURNAL OF PSYCHOLOGY,AMER J PSYCHOL,AM J PSYCHOL,0002-9556,1939-8298,PSYCHIATRY/PSYCHOLOGY
AMERICAN PSYCHOLOGIST,AMER PSYCHOL,AM PSYCHOL,0003-066X,1935-990X,PSYCHIATRY/PSYCHOLOGY
Anadolu Psikiyatri Dergisi-Anatolian Journal of Psychiatry,ANADOLU PSIKIYATR DERG,ANADOLU PSIKIYATR DE,1302-6631,1302-6631,PSYCHIATRY/PSYCHOLOGY
Anales de Psicologia,AN PSICOL,AN PSICOL-SPAIN,0212-9728,1695-2294,PSYCHIATRY/PSYCHOLOGY
ANNALS OF BEHAVIORAL MEDICINE,ANN BEHAVIORAL MED,ANN BEHAV MED,0883-6612,1532-4796,PSYCHIATRY/PSYCHOLOGY
Annals of Clinical Psychiatry,ANN CLIN PSYCHIATRY,ANN CLIN PSYCHIATRY,1040-1237,1547-3325,PSYCHIATRY/PSYCHOLOGY
Annals of General Psychiatry,ANN GEN PSYCHIATR,ANN GEN PSYCHIATR,1744-859X,null,PSYCHIATRY/PSYCHOLOGY
ANNEE PSYCHOLOGIQUE,ANNEE PSYCHOL,ANN PSYCHOL,0003-5033,1955-2580,PSYCHIATRY/PSYCHOLOGY
Annual Review of Clinical Psychology,ANNU REV CLIN PSYCHOL,ANNU REV CLIN PSYCHO,1548-5943,null,PSYCHIATRY/PSYCHOLOGY
Annual Review of Organizational Psychology and Organizational Behavior,ANN REV ORGAN PSYCHOL ORGAN,ANNU REV ORGAN PSYCH,2327-0608,null,PSYCHIATRY/PSYCHOLOGY
Annual Review of Psychology,ANNU REV PSYCHOL,ANNU REV PSYCHOL,0066-4308,null,PSYCHIATRY/PSYCHOLOGY
ANXIETY STRESS AND COPING,ANXIETY STRESS COPING,ANXIETY STRESS COPIN,1061-5806,1477-2205,PSYCHIATRY/PSYCHOLOGY
APPLIED COGNITIVE PSYCHOLOGY,APPL COGNITIVE PSYCHOL,APPL COGNITIVE PSYCH,0888-4080,1099-0720,PSYCHIATRY/PSYCHOLOGY
Applied Developmental Science,APPL DEV SCI,APPL DEV SCI,1088-8691,1532-480X,PSYCHIATRY/PSYCHOLOGY
Applied Neuropsychology-Adult,APPL NEUROPSYCHOL-ADULT,APPL NEUROPSYCH-ADUL,2327-9095,2327-9109,PSYCHIATRY/PSYCHOLOGY
Applied Neuropsychology-Child,APPL NEUROPSYCHOL-CHILD,APPL NEUROPSYCH-CHIL,2162-2965,2162-2973,PSYCHIATRY/PSYCHOLOGY
APPLIED PSYCHOLINGUISTICS,APPL PSYCHOLINGUIST,APPL PSYCHOLINGUIST,0142-7164,1469-1817,PSYCHIATRY/PSYCHOLOGY
APPLIED PSYCHOLOGICAL MEASUREMENT,APPL PSYCHOL MEAS,APPL PSYCH MEAS,0146-6216,1552-3497,PSYCHIATRY/PSYCHOLOGY
APPLIED PSYCHOLOGY-AN INTERNATIONAL REVIEW-PSYCHOLOGIE APPLIQUEE-REVUE INTERNATIONALE,APPL PSYCHOL-INT REV,APPL PSYCHOL-INT REV,0269-994X,1464-0597,PSYCHIATRY/PSYCHOLOGY
Applied Psychology-Health and Well Being,APPL PSYCHOL-HEALTH WELL-BEIN,APPL PSYCHOL-HLTH WE,1758-0846,1758-0854,PSYCHIATRY/PSYCHOLOGY
APPLIED PSYCHOPHYSIOLOGY AND BIOFEEDBACK,APPL PSYCHOPHYSIOL BIOFEEDBAC,APPL PSYCHOPHYS BIOF,1090-0586,1573-3270,PSYCHIATRY/PSYCHOLOGY
Archive for the Psychology of Religion-Archiv fur Religionspsychologie,ARCH PSYCHOL RELIG,ARCH PSYCHOL RELIG,0084-6724,1573-6121,PSYCHIATRY/PSYCHOLOGY
ARCHIVES OF CLINICAL NEUROPSYCHOLOGY,ARCH CLIN NEUROPSYCH,ARCH CLIN NEUROPSYCH,0887-6177,1873-5843,PSYCHIATRY/PSYCHOLOGY
Archives of Clinical Psychiatry,ARCH CLIN PSYCHIATRY,ARCH CLIN PSYCHIAT,0101-6083,1806-938X,PSYCHIATRY/PSYCHOLOGY
ARCHIVES OF PSYCHIATRIC NURSING,ARCHIVES PSYCHIATR NURS,ARCH PSYCHIAT NURS,0883-9417,1532-8228,PSYCHIATRY/PSYCHOLOGY
ARCHIVES OF SEXUAL BEHAVIOR,ARCH SEX BEHAV,ARCH SEX BEHAV,0004-0002,1573-2800,PSYCHIATRY/PSYCHOLOGY
ARCHIVES OF SUICIDE RESEARCH,ARCH SUICIDE RES,ARCH SUICIDE RES,1381-1118,1543-6136,PSYCHIATRY/PSYCHOLOGY
Archives of Womens Mental Health,ARCH WOMENS MENT HEALTH,ARCH WOMEN MENT HLTH,1434-1816,1435-1102,PSYCHIATRY/PSYCHOLOGY
ARTS IN PSYCHOTHERAPY,ART PSYCHOTHER,ART PSYCHOTHER,0197-4556,1873-5878,PSYCHIATRY/PSYCHOLOGY
Asian American Journal of Psychology,ASIAN AM J PSYCHOL,ASIAN AM J PSYCHOL,1948-1985,1948-1993,PSYCHIATRY/PSYCHOLOGY
ASIAN JOURNAL OF SOCIAL PSYCHOLOGY,ASIAN J SOC PSYCHOL,ASIAN J SOC PSYCHOL,1367-2223,1467-839X,PSYCHIATRY/PSYCHOLOGY
Asia-Pacific Psychiatry,ASIA-PAC PSYCHIATRY,ASIA-PAC PSYCHIAT,1758-5864,1758-5872,PSYCHIATRY/PSYCHOLOGY
ASSESSMENT,ASSESSMENT,ASSESSMENT,1073-1911,1552-3489,PSYCHIATRY/PSYCHOLOGY
ATTACHMENT & HUMAN DEVELOPMENT,ATTACH HUM DEV,ATTACH HUM DEV,1461-6734,1469-2988,PSYCHIATRY/PSYCHOLOGY
Attention Perception & Psychophysics,ATTEN PERCEPT PSYCHOPHYS,ATTEN PERCEPT PSYCHO,1943-3921,1943-393X,PSYCHIATRY/PSYCHOLOGY
Australasian Psychiatry,AUSTRALAS PSYCHIATRY,AUSTRALAS PSYCHIATRY,1039-8562,1440-1665,PSYCHIATRY/PSYCHOLOGY
Australian and New Zealand Journal of Family Therapy,AUST N Z J FAM THER,AUST NZ J FAM THER,0814-723X,1467-8438,PSYCHIATRY/PSYCHOLOGY
AUSTRALIAN AND NEW ZEALAND JOURNAL OF PSYCHIATRY,AUST N Z J PSYCHIAT,AUST NZ J PSYCHIAT,0004-8674,1440-1614,PSYCHIATRY/PSYCHOLOGY
AUSTRALIAN JOURNAL OF PSYCHOLOGY,AUST J PSYCHOL,AUST J PSYCHOL,0004-9530,1742-9536,PSYCHIATRY/PSYCHOLOGY
AUSTRALIAN PSYCHOLOGIST,AUST PSYCHOL,AUST PSYCHOL,0005-0067,1742-9544,PSYCHIATRY/PSYCHOLOGY
AUTISM,AUTISM,AUTISM,1362-3613,1461-7005,PSYCHIATRY/PSYCHOLOGY
Autism Research,AUTISM RES,AUTISM RES,1939-3792,1939-3806,PSYCHIATRY/PSYCHOLOGY
BASIC AND APPLIED SOCIAL PSYCHOLOGY,BASIC APPL SOC PSYCHOL,BASIC APPL SOC PSYCH,0197-3533,1532-4834,PSYCHIATRY/PSYCHOLOGY
BEHAVIORAL DISORDERS,BEHAV DISORDERS,BEHAV DISORDERS,0198-7429,2163-5307,PSYCHIATRY/PSYCHOLOGY
BEHAVIORAL INTERVENTIONS,BEHAV INTERVENT,BEHAV INTERVENT,1072-0847,1099-078X,PSYCHIATRY/PSYCHOLOGY
BEHAVIORAL MEDICINE,BEHAV MED,BEHAV MED,0896-4289,1940-4026,PSYCHIATRY/PSYCHOLOGY
Behavioral Psychology-Psicologia Conductual,BEHAV PSYCHOL,BEHAV PSYCHOL,1132-9483,1132-9483,PSYCHIATRY/PSYCHOLOGY
BEHAVIORAL SCIENCES & THE LAW,BEHAV SCI LAW,BEHAV SCI LAW,0735-3936,1099-0798,PSYCHIATRY/PSYCHOLOGY
BEHAVIOR ANALYST,BEHAV ANAL,BEHAV ANALYST,0738-6729,2196-8918,PSYCHIATRY/PSYCHOLOGY
BEHAVIOR GENETICS,BEHAV GENET,BEHAV GENET,0001-8244,1573-3297,PSYCHIATRY/PSYCHOLOGY
BEHAVIOR MODIFICATION,BEHAV MODIF,BEHAV MODIF,0145-4455,1552-4167,PSYCHIATRY/PSYCHOLOGY
Behavior Research Methods,BEHAV RES METHODS,BEHAV RES METHODS,1554-351X,1554-3528,PSYCHIATRY/PSYCHOLOGY
BEHAVIOR THERAPY,BEHAV THER,BEHAV THER,0005-7894,1878-1888,PSYCHIATRY/PSYCHOLOGY
BEHAVIOURAL AND COGNITIVE PSYCHOTHERAPY,BEHAV COGNITIVE PSYCHOTHER,BEHAV COGN PSYCHOTH,1352-4658,1469-1833,PSYCHIATRY/PSYCHOLOGY
BEHAVIOUR CHANGE,BEHAV CHANGE,BEHAV CHANGE,0813-4839,2049-7768,PSYCHIATRY/PSYCHOLOGY
BEHAVIOUR & INFORMATION TECHNOLOGY,BEHAV INFORM TECHNOL,BEHAV INFORM TECHNOL,0144-929X,1362-3001,PSYCHIATRY/PSYCHOLOGY
BEHAVIOUR RESEARCH AND THERAPY,BEHAV RES THER,BEHAV RES THER,0005-7967,1873-622X,PSYCHIATRY/PSYCHOLOGY
BIOLOGICAL PSYCHOLOGY,BIOL PSYCHOL,BIOL PSYCHOL,0301-0511,1873-6246,PSYCHIATRY/PSYCHOLOGY
BioPsychoSocial Medicine,BIOPSYCHOSOC MED,BIOPSYCHOSOC MED,1751-0759,1751-0759,PSYCHIATRY/PSYCHOLOGY
BIPOLAR DISORDERS,BIPOLAR DISORD,BIPOLAR DISORD,1398-5647,1399-5618,PSYCHIATRY/PSYCHOLOGY
BMC Psychiatry,BMC PSYCHIATRY,BMC PSYCHIATRY,1471-244X,null,PSYCHIATRY/PSYCHOLOGY
Body Image,BODY IMAGE,BODY IMAGE,1740-1445,1873-6807,PSYCHIATRY/PSYCHOLOGY
BRITISH JOURNAL OF CLINICAL PSYCHOLOGY,BRIT J CLIN PSYCHOL,BRIT J CLIN PSYCHOL,0144-6657,2044-8260,PSYCHIATRY/PSYCHOLOGY
BRITISH JOURNAL OF DEVELOPMENTAL PSYCHOLOGY,BRIT J DEVELOP PSYCHOL,BRIT J DEV PSYCHOL,0261-510X,2044-835X,PSYCHIATRY/PSYCHOLOGY
BRITISH JOURNAL OF EDUCATIONAL PSYCHOLOGY,BRIT J EDUC PSYCHOL,BRIT J EDUC PSYCHOL,0007-0998,2044-8279,PSYCHIATRY/PSYCHOLOGY
BRITISH JOURNAL OF GUIDANCE & COUNSELLING,BRIT J GUID COUNS,BRIT J GUID COUNS,0306-9885,1469-3534,PSYCHIATRY/PSYCHOLOGY
BRITISH JOURNAL OF HEALTH PSYCHOLOGY,BR J HEALTH PSYCHOL,BRIT J HEALTH PSYCH,1359-107X,2044-8287,PSYCHIATRY/PSYCHOLOGY
BRITISH JOURNAL OF MATHEMATICAL & STATISTICAL PSYCHOLOGY,BRIT J MATH STATIST PSYCHOL,BRIT J MATH STAT PSY,0007-1102,2044-8317,PSYCHIATRY/PSYCHOLOGY
BRITISH JOURNAL OF PSYCHIATRY,BRIT J PSYCHIAT,BRIT J PSYCHIAT,0007-1250,1472-1465,PSYCHIATRY/PSYCHOLOGY
BRITISH JOURNAL OF PSYCHOLOGY,BRIT J PSYCHOL,BRIT J PSYCHOL,0007-1269,2044-8295,PSYCHIATRY/PSYCHOLOGY
BRITISH JOURNAL OF SOCIAL PSYCHOLOGY,BRIT J SOC PSYCHOL,BRIT J SOC PSYCHOL,0144-6665,2044-8309,PSYCHIATRY/PSYCHOLOGY
BULLETIN OF THE MENNINGER CLINIC,BULL MENNINGER CLIN,B MENNINGER CLIN,0025-9284,1943-2828,PSYCHIATRY/PSYCHOLOGY
CANADIAN JOURNAL OF BEHAVIOURAL SCIENCE-REVUE CANADIENNE DES SCIENCES DU COMPORTEMENT,CAN J BEHAV SCI,CAN J BEHAV SCI,0008-400X,1879-2669,PSYCHIATRY/PSYCHOLOGY
CANADIAN JOURNAL OF EXPERIMENTAL PSYCHOLOGY-REVUE CANADIENNE DE PSYCHOLOGIE EXPERIMENTALE,CAN J EXP PSYCHOL,CAN J EXP PSYCHOL,1196-1961,1878-7290,PSYCHIATRY/PSYCHOLOGY
CANADIAN JOURNAL OF PSYCHIATRY-REVUE CANADIENNE DE PSYCHIATRIE,CAN J PSYCHIATRY,CAN J PSYCHIAT,0706-7437,1497-0015,PSYCHIATRY/PSYCHOLOGY
Canadian Journal of School Psychology,CAN J SCH PSYCHOL,CAN J SCH PSYCHOL,0829-5735,2154-3984,PSYCHIATRY/PSYCHOLOGY
CANADIAN PSYCHOLOGY-PSYCHOLOGIE CANADIENNE,CAN PSYCHOL-PSYCHOL CAN,CAN PSYCHOL,0708-5591,1878-7304,PSYCHIATRY/PSYCHOLOGY
CAREER DEVELOPMENT QUARTERLY,CAREER DEVELOP QUART,CAREER DEV Q,0889-4019,2161-0045,PSYCHIATRY/PSYCHOLOGY
CESKOSLOVENSKA PSYCHOLOGIE,CESK PSYCHOL,CESK PSYCHOL,0009-062X,1804-6436,PSYCHIATRY/PSYCHOLOGY
Child and Adolescent Mental Health,CHILD ADOLESC MENT HEALTH,CHILD ADOL MENT H-UK,1475-357X,1475-3588,PSYCHIATRY/PSYCHOLOGY
CHILD AND ADOLESCENT PSYCHIATRIC CLINICS OF NORTH AMERICA,CHILD ADOLESC PSYCHIATR CLIN,CHILD ADOL PSYCH CL,1056-4993,1558-0490,PSYCHIATRY/PSYCHOLOGY
Child and Adolescent Psychiatry and Mental Health,CHILD ADOLESC PSYCHIATRY ME H,CHILD ADOL PSYCH MEN,1753-2000,1753-2000,PSYCHIATRY/PSYCHOLOGY
CHILD DEVELOPMENT,CHILD DEVELOP,CHILD DEV,0009-3920,1467-8624,PSYCHIATRY/PSYCHOLOGY
Child Development Perspectives,CHILD DEV PERSPECT,CHILD DEV PERSPECT,1750-8592,1750-8606,PSYCHIATRY/PSYCHOLOGY
CHILD & FAMILY BEHAVIOR THERAPY,CHILD FAM BEHAV THER,CHILD FAM BEHAV THER,0731-7107,1545-228X,PSYCHIATRY/PSYCHOLOGY
CHILD PSYCHIATRY & HUMAN DEVELOPMENT,CHILD PSYCHIAT HUM DEVELOP,CHILD PSYCHIAT HUM D,0009-398X,1573-3327,PSYCHIATRY/PSYCHOLOGY
CHILD & YOUTH CARE FORUM,CHILD YOUTH CARE FORUM,CHILD YOUTH CARE FOR,1053-1890,1573-3319,PSYCHIATRY/PSYCHOLOGY
Clinical Case Studies,CLIN CASE STUD,CLIN CASE STUD,1534-6501,1552-3802,PSYCHIATRY/PSYCHOLOGY
CLINICAL CHILD AND FAMILY PSYCHOLOGY REVIEW,CLIN CHILD FAM PSYCHOL REV,CLIN CHILD FAM PSYCH,1096-4037,1573-2827,PSYCHIATRY/PSYCHOLOGY
Clinical Child Psychology and Psychiatry,CLIN CHILD PSYCHOL PSYCHIATRY,CLIN CHILD PSYCHOL P,1359-1045,1461-7021,PSYCHIATRY/PSYCHOLOGY
CLINICAL NEUROPSYCHOLOGIST,CLIN NEUROPSYCHOL,CLIN NEUROPSYCHOL,1385-4046,1744-4144,PSYCHIATRY/PSYCHOLOGY
Clinical Psychologist,CLIN PSYCHOL,CLIN PSYCHOL-UK,1328-4207,1742-9552,PSYCHIATRY/PSYCHOLOGY
CLINICAL PSYCHOLOGY & PSYCHOTHERAPY,CLIN PSYCHOL PSYCHOTHER,CLIN PSYCHOL PSYCHOT,1063-3995,1099-0879,PSYCHIATRY/PSYCHOLOGY
CLINICAL PSYCHOLOGY REVIEW,CLIN PSYCHOL REV,CLIN PSYCHOL REV,0272-7358,1873-7811,PSYCHIATRY/PSYCHOLOGY
CLINICAL PSYCHOLOGY-SCIENCE AND PRACTICE,CLIN PSYCHOL-SCI PRACTICE,CLIN PSYCHOL-SCI PR,0969-5893,1468-2850,PSYCHIATRY/PSYCHOLOGY
Clinica y Salud,CLIN SALUD,CLIN SALUD,1130-5274,null,PSYCHIATRY/PSYCHOLOGY
COGNITION AND INSTRUCTION,COGNITION INSTRUCT,COGNITION INSTRUCT,0737-0008,1532-690X,PSYCHIATRY/PSYCHOLOGY
COGNITION,COGNITION,COGNITION,0010-0277,1873-7838,PSYCHIATRY/PSYCHOLOGY
COGNITION & EMOTION,COGNITION EMOTION,COGNITION EMOTION,0269-9931,1464-0600,PSYCHIATRY/PSYCHOLOGY
Cognition Technology & Work,COGN TECHNOL WORK,COGN TECHNOL WORK,1435-5558,1435-5566,PSYCHIATRY/PSYCHOLOGY
COGNITIVE AND BEHAVIORAL PRACTICE,COGN BEHAV PRACT,COGN BEHAV PRACT,1077-7229,1878-187X,PSYCHIATRY/PSYCHOLOGY
COGNITIVE BEHAVIOUR THERAPY,COGN BEHAV THER,COGN BEHAV THERAPY,1650-6073,1651-2316,PSYCHIATRY/PSYCHOLOGY
COGNITIVE DEVELOPMENT,COGNITIVE DEVELOP,COGNITIVE DEV,0885-2014,1879-226X,PSYCHIATRY/PSYCHOLOGY
Cognitive Neuropsychiatry,COGN NEUROPSYCHIATRY,COGN NEUROPSYCHIATRY,1354-6805,1464-0619,PSYCHIATRY/PSYCHOLOGY
COGNITIVE NEUROPSYCHOLOGY,COGNITIVE NEUROPSYCHOL,COGN NEUROPSYCHOL,0264-3294,1464-0627,PSYCHIATRY/PSYCHOLOGY
Cognitive Processing,COGN PROCESS,COGN PROCESS,1612-4782,1612-4790,PSYCHIATRY/PSYCHOLOGY
COGNITIVE PSYCHOLOGY,COG PSYCHOL,COGNITIVE PSYCHOL,0010-0285,1095-5623,PSYCHIATRY/PSYCHOLOGY
COGNITIVE SCIENCE,COGNITIVE SCI,COGNITIVE SCI,0364-0213,1551-6709,PSYCHIATRY/PSYCHOLOGY
COGNITIVE THERAPY AND RESEARCH,COGNITIVE THER RES,COGNITIVE THER RES,0147-5916,1573-2819,PSYCHIATRY/PSYCHOLOGY
COMPREHENSIVE PSYCHIATRY,COMPR PSYCHIAT,COMPR PSYCHIAT,0010-440X,1532-8384,PSYCHIATRY/PSYCHOLOGY
COMPUTERS IN HUMAN BEHAVIOR,COMPUT HUM BEHAV,COMPUT HUM BEHAV,0747-5632,1873-7692,PSYCHIATRY/PSYCHOLOGY
CONSCIOUSNESS AND COGNITION,CONSCIOUS COGN,CONSCIOUS COGN,1053-8100,1090-2376,PSYCHIATRY/PSYCHOLOGY
CONTEMPORARY EDUCATIONAL PSYCHOLOGY,CONTEMP EDUC PSYCHOL,CONTEMP EDUC PSYCHOL,0361-476X,1090-2384,PSYCHIATRY/PSYCHOLOGY
CONTEMPORARY PSYCHOANALYSIS,CONTEMP PSYCHOANAL,CONTEMP PSYCHOANAL,0010-7530,2330-9091,PSYCHIATRY/PSYCHOLOGY
COUNSELING PSYCHOLOGIST,COUNS PSYCHOL,COUNS PSYCHOL,0011-0000,1552-3861,PSYCHIATRY/PSYCHOLOGY
CREATIVITY RESEARCH JOURNAL,CREATIVITY RES J,CREATIVITY RES J,1040-0419,1532-6934,PSYCHIATRY/PSYCHOLOGY
Criminal Behaviour and Mental Health,CRIM BEHAV MENT HEALTH,CRIM BEHAV MENT HEAL,0957-9664,1471-2857,PSYCHIATRY/PSYCHOLOGY
CRIMINAL JUSTICE AND BEHAVIOR,CRIM JUSTICE BEHAV,CRIM JUSTICE BEHAV,0093-8548,1552-3594,PSYCHIATRY/PSYCHOLOGY
Crisis-The Journal of Crisis Intervention and Suicide Prevention,CRISIS,CRISIS,0227-5910,2151-2396,PSYCHIATRY/PSYCHOLOGY
Cultural Diversity & Ethnic Minority Psychology,CULT DIVERS ETHN MINOR PSYCHO,CULT DIVERS ETHN MIN,1099-9809,1939-0106,PSYCHIATRY/PSYCHOLOGY
CULTURE MEDICINE AND PSYCHIATRY,CULT MED PSYCHIAT,CULT MED PSYCHIAT,0165-005X,1573-076X,PSYCHIATRY/PSYCHOLOGY
CULTURE & PSYCHOLOGY,CULT PSYCHOL,CULT PSYCHOL,1354-067X,1461-7056,PSYCHIATRY/PSYCHOLOGY
CURRENT DIRECTIONS IN PSYCHOLOGICAL SCIENCE,CURR DIRECTIONS PSYCHOL SCI,CURR DIR PSYCHOL SCI,0963-7214,1467-8721,PSYCHIATRY/PSYCHOLOGY
CURRENT OPINION IN PSYCHIATRY,CURR OPIN PSYCHIATRY,CURR OPIN PSYCHIATR,0951-7367,1473-6578,PSYCHIATRY/PSYCHOLOGY
Current Psychiatry Reports,CURR PSYCHIATRY REP,CURR PSYCHIAT REP,1523-3812,1535-1645,PSYCHIATRY/PSYCHOLOGY
CURRENT PSYCHOLOGY,CURR PSYCHOL,CURR PSYCHOL,1046-1310,1936-4733,PSYCHIATRY/PSYCHOLOGY
Cyberpsychology Behavior and Social Networking,CYBERPSYCHOLOGY BEHAV SOC NET,CYBERPSYCH BEH SOC N,2152-2715,2152-2723,PSYCHIATRY/PSYCHOLOGY
Cyberpsychology-Journal of Psychosocial Research on Cyberspace,CYBERPSYCHOLOGY,CYBERPSYCHOLOGY,1802-7962,1802-7962,PSYCHIATRY/PSYCHOLOGY
DEATH STUDIES,DEATH STUD,DEATH STUD,0748-1187,1091-7683,PSYCHIATRY/PSYCHOLOGY
DEPRESSION AND ANXIETY,DEPRESS ANXIETY,DEPRESS ANXIETY,1091-4269,1520-6394,PSYCHIATRY/PSYCHOLOGY
DEVELOPMENTAL NEUROPSYCHOLOGY,DEVELOP NEUROPSYCHOL,DEV NEUROPSYCHOL,8756-5641,1532-6942,PSYCHIATRY/PSYCHOLOGY
DEVELOPMENTAL PSYCHOLOGY,DEVELOP PSYCHOL,DEV PSYCHOL,0012-1649,1939-0599,PSYCHIATRY/PSYCHOLOGY
DEVELOPMENTAL REVIEW,DEVELOP REV,DEV REV,0273-2297,1090-2406,PSYCHIATRY/PSYCHOLOGY
DEVELOPMENTAL SCIENCE,DEV SCI,DEVELOPMENTAL SCI,1363-755X,1467-7687,PSYCHIATRY/PSYCHOLOGY
DEVELOPMENT AND PSYCHOPATHOLOGY,DEV PSYCHOPATHOL,DEV PSYCHOPATHOL,0954-5794,1469-2198,PSYCHIATRY/PSYCHOLOGY
DIAGNOSTICA,DIAGNOSTICA,DIAGNOSTICA,0012-1924,2190-622X,PSYCHIATRY/PSYCHOLOGY
DISCOURSE PROCESSES,DISCOURSE PROCESS,DISCOURSE PROCESS,0163-853X,1532-6950,PSYCHIATRY/PSYCHOLOGY
DREAMING,DREAMING,DREAMING,1053-0797,1573-3351,PSYCHIATRY/PSYCHOLOGY
Early Intervention in Psychiatry,EARLY INTERV PSYCHIATRY,EARLY INTERV PSYCHIA,1751-7885,1751-7893,PSYCHIATRY/PSYCHOLOGY
Eating and Weight Disorders-Studies on Anorexia Bulimia and Obesity,EAT WEIGHT DISORD-STUD ANOREX,EAT WEIGHT DISORD-ST,1124-4909,1590-1262,PSYCHIATRY/PSYCHOLOGY
Eating Behaviors,EAT BEHAV,EAT BEHAV,1471-0153,1873-7358,PSYCHIATRY/PSYCHOLOGY
Eating Disorders,EAT DISORD,EAT DISORD,1064-0266,1532-530X,PSYCHIATRY/PSYCHOLOGY
ECOLOGICAL PSYCHOLOGY,ECOL PSYCHOL,ECOL PSYCHOL,1040-7413,1532-6969,PSYCHIATRY/PSYCHOLOGY
EDUCATIONAL AND PSYCHOLOGICAL MEASUREMENT,EDUC PSYCHOL MEAS,EDUC PSYCHOL MEAS,0013-1644,1552-3888,PSYCHIATRY/PSYCHOLOGY
EDUCATIONAL PSYCHOLOGIST,EDUC PSYCHOL,EDUC PSYCHOL-US,0046-1520,1532-6985,PSYCHIATRY/PSYCHOLOGY
Educational Psychology,EDUC PSYCHOL-UK,EDUC PSYCHOL-UK,0144-3410,1469-5820,PSYCHIATRY/PSYCHOLOGY
EDUCATIONAL PSYCHOLOGY REVIEW,EDUC PSYCHOL REV,EDUC PSYCHOL REV,1040-726X,1573-336X,PSYCHIATRY/PSYCHOLOGY
EMOTION,EMOTION,EMOTION,1528-3542,1931-1516,PSYCHIATRY/PSYCHOLOGY
Emotion Review,EMOT REV,EMOT REV,1754-0739,1754-0747,PSYCHIATRY/PSYCHOLOGY
Epidemiology and Psychiatric Sciences,EPIDEMIOL PSYCHIATR SCI,EPIDEMIOL PSYCH SCI,2045-7960,2045-7979,PSYCHIATRY/PSYCHOLOGY
Estudios de Psicologia,ESTUD PSICOL,ESTUD PSICOL-MADRID,0210-9395,1579-3699,PSYCHIATRY/PSYCHOLOGY
ETHICS & BEHAVIOR,ETHICS BEHAV,ETHICS BEHAV,1050-8422,1532-7019,PSYCHIATRY/PSYCHOLOGY
EUROPEAN CHILD & ADOLESCENT PSYCHIATRY,EUR CHILD ADOLESC PSYCHIATR,EUR CHILD ADOLES PSY,1018-8827,1435-165X,PSYCHIATRY/PSYCHOLOGY
EUROPEAN EATING DISORDERS REVIEW,EUROPEAN EATING DISORDERS REV,EUR EAT DISORD REV,1072-4133,1099-0968,PSYCHIATRY/PSYCHOLOGY
European Journal of Developmental Psychology,EUR J DEV PSYCHOL,EUR J DEV PSYCHOL,1740-5629,1740-5610,PSYCHIATRY/PSYCHOLOGY
EUROPEAN JOURNAL OF PERSONALITY,EUR J PERSONALITY,EUR J PERSONALITY,0890-2070,1099-0984,PSYCHIATRY/PSYCHOLOGY
EUROPEAN JOURNAL OF PSYCHIATRY,EUR J PSYCHIAT,EUR J PSYCHIAT,0213-6163,null,PSYCHIATRY/PSYCHOLOGY
EUROPEAN JOURNAL OF PSYCHOLOGICAL ASSESSMENT,EUR J PSYCHOL ASSESS,EUR J PSYCHOL ASSESS,1015-5759,2151-2426,PSYCHIATRY/PSYCHOLOGY
European Journal of Psychology Applied to Legal Context,EUR J PSYCHOL APPL LEG CONTEX,EUR J PSYCHOL APPL L,1889-1861,1989-4007,PSYCHIATRY/PSYCHOLOGY
EUROPEAN JOURNAL OF PSYCHOLOGY OF EDUCATION,EUR J PSYCHOL EDUC,EUR J PSYCHOL EDUC,0256-2928,1878-5174,PSYCHIATRY/PSYCHOLOGY
European Journal of Psychotraumatology,EUR J PSYCHOTRAUMATOL,EUR J PSYCHOTRAUMATO,2000-8066,2000-8066,PSYCHIATRY/PSYCHOLOGY
EUROPEAN JOURNAL OF SOCIAL PSYCHOLOGY,EUR J SOC PSYCHOL,EUR J SOC PSYCHOL,0046-2772,1099-0992,PSYCHIATRY/PSYCHOLOGY
European Journal of Work and Organizational Psychology,EUR J WORK ORGAN PSYCHOL,EUR J WORK ORGAN PSY,1359-432X,1464-0643,PSYCHIATRY/PSYCHOLOGY
EUROPEAN PSYCHIATRY,EUR PSYCHIAT,EUR PSYCHIAT,0924-9338,1778-3585,PSYCHIATRY/PSYCHOLOGY
EUROPEAN PSYCHOLOGIST,EUR PSYCHOL,EUR PSYCHOL,1016-9040,1878-531X,PSYCHIATRY/PSYCHOLOGY
EUROPEAN REVIEW OF APPLIED PSYCHOLOGY-REVUE EUROPEENNE DE PSYCHOLOGIE APPLIQUEE,EUR REV APPL PSYCHOL,EUR REV APPL PSYCHOL,1162-9088,1162-9088,PSYCHIATRY/PSYCHOLOGY
European Review of Social Psychology,EUR REV SOC PSYCHOL,EUR REV SOC PSYCHOL,1046-3283,1479-277X,PSYCHIATRY/PSYCHOLOGY
EVOLUTION AND HUMAN BEHAVIOR,EVOL HUM BEHAV,EVOL HUM BEHAV,1090-5138,1879-0607,PSYCHIATRY/PSYCHOLOGY
Evolutionary Psychology,EVOL PSYCHOL,EVOL PSYCHOL-US,1474-7049,1474-7049,PSYCHIATRY/PSYCHOLOGY
EVOLUTION PSYCHIATRIQUE,EVOL PSYCHIATR,EVOL PSYCHIATR,0014-3855,1769-6674,PSYCHIATRY/PSYCHOLOGY
EXPERIMENTAL AND CLINICAL PSYCHOPHARMACOLOGY,EXP CLIN PSYCHOPHARMACOL,EXP CLIN PSYCHOPHARM,1064-1297,1936-2293,PSYCHIATRY/PSYCHOLOGY
EXPERIMENTAL PSYCHOLOGY,EXP PSYCHOL,EXP PSYCHOL,1618-3169,2190-5142,PSYCHIATRY/PSYCHOLOGY
FAMILY PROCESS,FAM PROCESS,FAM PROCESS,0014-7370,1545-5300,PSYCHIATRY/PSYCHOLOGY
FEMINISM & PSYCHOLOGY,FEM PSYCHOL,FEM PSYCHOL,0959-3535,1461-7161,PSYCHIATRY/PSYCHOLOGY
FORUM DER PSYCHOANALYSE,FORUM PSYCHOANAL,FORUM PSYCHOANAL,0178-7667,1437-0751,PSYCHIATRY/PSYCHOLOGY
Frontiers in Psychiatry,FRONT PSYCHIATRY,FRONT PSYCHIATRY,1664-0640,1664-0640,PSYCHIATRY/PSYCHOLOGY
Frontiers in Psychology,FRONT PSYCHOL,FRONT PSYCHOL,1664-1078,1664-1078,PSYCHIATRY/PSYCHOLOGY
Gedrag & Organisatie,GEDRAG ORGAN,GEDRAG ORGAN,0921-5077,1875-7235,PSYCHIATRY/PSYCHOLOGY
GENERAL HOSPITAL PSYCHIATRY,GEN HOSP PSYCHIAT,GEN HOSP PSYCHIAT,0163-8343,1873-7714,PSYCHIATRY/PSYCHOLOGY
Geriatrie et Psychologie Neuropsychiatrie de Vieillissement,GERIATR PSYCHOL NEUROPSYCH VI,GERIATR PSYCHOL NEUR,2115-8789,2115-7863,PSYCHIATRY/PSYCHOLOGY
GROUP DYNAMICS-THEORY RESEARCH AND PRACTICE,GROUP DYN-THEORY RES PRACT,GROUP DYN-THEOR RES,1089-2699,1930-7802,PSYCHIATRY/PSYCHOLOGY
GROUP PROCESSES & INTERGROUP RELATIONS,GROUP PROCESS INTERGROUP RELA,GROUP PROCESS INTERG,1368-4302,1461-7188,PSYCHIATRY/PSYCHOLOGY
GRUPPENPSYCHOTHERAPIE UND GRUPPENDYNAMIK,GRUPPENPSYCHOTHER GRUPPENDYN,GRUPPENPSYCHOTHER GR,0017-4947,2196-7989,PSYCHIATRY/PSYCHOLOGY
HARVARD REVIEW OF PSYCHIATRY,HARVARD REV PSYCHIATR,HARVARD REV PSYCHIAT,1067-3229,1465-7309,PSYCHIATRY/PSYCHOLOGY
HEALTH PSYCHOLOGY,HEALTH PSYCHOL,HEALTH PSYCHOL,0278-6133,1930-7810,PSYCHIATRY/PSYCHOLOGY
Health Psychology Review,HEALTH PSYCHOL REV,HEALTH PSYCHOL REV,1743-7199,1743-7202,PSYCHIATRY/PSYCHOLOGY
HISPANIC JOURNAL OF BEHAVIORAL SCIENCES,HISPAN J BEHAV SCI,HISPANIC J BEHAV SCI,0739-9863,1552-6364,PSYCHIATRY/PSYCHOLOGY
HISTORY OF PSYCHIATRY,HIST PSYCHIAT,HIST PSYCHIATR,0957-154X,1740-2360,PSYCHIATRY/PSYCHOLOGY
History of Psychology,HIST PSYCHOL,HIST PSYCHOL,1093-4510,1939-0610,PSYCHIATRY/PSYCHOLOGY
HUMAN DEVELOPMENT,HUM DEVELOP,HUM DEV,0018-716X,1423-0054,PSYCHIATRY/PSYCHOLOGY
HUMAN FACTORS,HUM FACTORS,HUM FACTORS,0018-7208,1547-8181,PSYCHIATRY/PSYCHOLOGY
HUMAN MOVEMENT SCIENCE,HUM MOVEMENT SCI,HUM MOVEMENT SCI,0167-9457,1872-7646,PSYCHIATRY/PSYCHOLOGY
HUMAN PERFORMANCE,HUM PERFORM,HUM PERFORM,0895-9285,1532-7043,PSYCHIATRY/PSYCHOLOGY
Indian Journal of Psychiatry,INDIAN J PSYCHIATRY,INDIAN J PSYCHIAT,0019-5545,1998-3794,PSYCHIATRY/PSYCHOLOGY
Industrial and Organizational Psychology-Perspectives on Science and Practice,IND ORGAN PSYCHOL,IND ORGAN PSYCHOL-US,1754-9426,1754-9434,PSYCHIATRY/PSYCHOLOGY
Infancia y Aprendizaje,INFANC APRENDIZ,INFANC APRENDIZ,0210-3702,1578-4126,PSYCHIATRY/PSYCHOLOGY
INFANCY,INFANCY,INFANCY,1525-0008,1532-7078,PSYCHIATRY/PSYCHOLOGY
INFANT AND CHILD DEVELOPMENT,INFANT CHILD DEV,INFANT CHILD DEV,1522-7219,1522-7219,PSYCHIATRY/PSYCHOLOGY
INFANT BEHAVIOR & DEVELOPMENT,INFANT BEHAV DEVELOP,INFANT BEHAV DEV,0163-6383,1879-0453,PSYCHIATRY/PSYCHOLOGY
INFANT MENTAL HEALTH JOURNAL,INFANT MENT HEALTH J,INFANT MENT HEALTH J,0163-9641,1097-0355,PSYCHIATRY/PSYCHOLOGY
Integrative Psychological and Behavioral Science,INTEGR PSYCHOL BEHAV SCI,INTEGR PSYCHOL BEHAV,1932-4502,1936-3567,PSYCHIATRY/PSYCHOLOGY
INTELLIGENCE,INTELLIGENCE,INTELLIGENCE,0160-2896,1873-7935,PSYCHIATRY/PSYCHOLOGY
International Journal for the Psychology of Religion,INT J PSYCHOL RELIG,INT J PSYCHOL RELIG,1050-8619,1532-7582,PSYCHIATRY/PSYCHOLOGY
International Journal of AEROSPACE Psychology,INT J AEROSP PSYCHOL,INT J AEROSP PSYCHOL,2472-1832,2472-1840,PSYCHIATRY/PSYCHOLOGY
INTERNATIONAL JOURNAL OF BEHAVIORAL DEVELOPMENT,INT J BEHAV DEV,INT J BEHAV DEV,0165-0254,1464-0651,PSYCHIATRY/PSYCHOLOGY
INTERNATIONAL JOURNAL OF BEHAVIORAL MEDICINE,INT J BEHAVIORAL MEDICINE,INT J BEHAV MED,1070-5503,1532-7558,PSYCHIATRY/PSYCHOLOGY
INTERNATIONAL JOURNAL OF CLINICAL AND EXPERIMENTAL HYPNOSIS,INT J CLIN EXP HYPN,INT J CLIN EXP HYP,0020-7144,1744-5183,PSYCHIATRY/PSYCHOLOGY
International Journal of Clinical and Health Psychology,INT J CLIN HEALTH PSYCHOL,INT J CLIN HLTH PSYC,1697-2600,1576-7329,PSYCHIATRY/PSYCHOLOGY
International Journal of Cognitive Therapy,INT J COGN THER,INT J COGN THER,1937-1209,1937-1217,PSYCHIATRY/PSYCHOLOGY
INTERNATIONAL JOURNAL OF EATING DISORDERS,INT J EATING DISORDER,INT J EAT DISORDER,0276-3478,1098-108X,PSYCHIATRY/PSYCHOLOGY
International Journal of Forensic Mental Health,INT J FORENSIC MENT HEALTH,INT J FORENSIC MENT,1499-9013,1932-9903,PSYCHIATRY/PSYCHOLOGY
INTERNATIONAL JOURNAL OF GERIATRIC PSYCHIATRY,INT J GERIAT PSYCHIAT,INT J GERIATR PSYCH,0885-6230,1099-1166,PSYCHIATRY/PSYCHOLOGY
INTERNATIONAL JOURNAL OF GROUP PSYCHOTHERAPY,INT J GROUP PSYCHOTHER,INT J GROUP PSYCHOTH,0020-7284,1943-2836,PSYCHIATRY/PSYCHOLOGY
INTERNATIONAL JOURNAL OF HUMAN-COMPUTER INTERACTION,INT J HUMAN-COMPUTER INTERACT,INT J HUM-COMPUT INT,1044-7318,1532-7590,PSYCHIATRY/PSYCHOLOGY
INTERNATIONAL JOURNAL OF HUMAN-COMPUTER STUDIES,INT J HUM-COMPUT STUDIES,INT J HUM-COMPUT ST,1071-5819,1095-9300,PSYCHIATRY/PSYCHOLOGY
INTERNATIONAL JOURNAL OF LAW AND PSYCHIATRY,INT J LAW PSYCHIATRY,INT J LAW PSYCHIAT,0160-2527,1873-6386,PSYCHIATRY/PSYCHOLOGY
International Journal of Mental Health and Addiction,INT J MENT HEALTH ADDICT,INT J MENT HEALTH AD,1557-1874,1557-1882,PSYCHIATRY/PSYCHOLOGY
International Journal of Mental Health Promotion,INT J MENT HEALTH PROMOT,INT J MENT HEALTH PR,1462-3730,2049-8543,PSYCHIATRY/PSYCHOLOGY
International Journal of Mental Health Systems,INT J MENT HEALTH SYST,INT J MENT HEALTH SY,1752-4458,1752-4458,PSYCHIATRY/PSYCHOLOGY
INTERNATIONAL JOURNAL OF METHODS IN PSYCHIATRIC RESEARCH,INT J METH PSYCHIATR RES,INT J METH PSYCH RES,1049-8931,1557-0657,PSYCHIATRY/PSYCHOLOGY
INTERNATIONAL JOURNAL OF NEUROPSYCHOPHARMACOLOGY,INT J NEUROPSYCHOPHARMACOL,INT J NEUROPSYCHOPH,1461-1457,1469-5111,PSYCHIATRY/PSYCHOLOGY
INTERNATIONAL JOURNAL OF PSYCHIATRY IN CLINICAL PRACTICE,INT J PSYCHIATR CLIN PRACT,INT J PSYCHIAT CLIN,1365-1501,1471-1788,PSYCHIATRY/PSYCHOLOGY
INTERNATIONAL JOURNAL OF PSYCHIATRY IN MEDICINE,INT J PSYCHIAT MED,INT J PSYCHIAT MED,0091-2174,1541-3527,PSYCHIATRY/PSYCHOLOGY
INTERNATIONAL JOURNAL OF PSYCHOANALYSIS,INT J PSYCHOANAL,INT J PSYCHOANAL,0020-7578,1745-8315,PSYCHIATRY/PSYCHOLOGY
INTERNATIONAL JOURNAL OF PSYCHOLOGY,INT J PSYCHOL,INT J PSYCHOL,0020-7594,1464-066X,PSYCHIATRY/PSYCHOLOGY
INTERNATIONAL JOURNAL OF SELECTION AND ASSESSMENT,INT J SELECTION ASSESSMENT,INT J SELECT ASSESS,0965-075X,1468-2389,PSYCHIATRY/PSYCHOLOGY
International Journal of Sexual Health,INT J SEX HEALTH,INT J SEX HEALTH,1931-7611,1931-762X,PSYCHIATRY/PSYCHOLOGY
INTERNATIONAL JOURNAL OF SOCIAL PSYCHIATRY,INT J SOC PSYCHIATR,INT J SOC PSYCHIATR,0020-7640,1741-2854,PSYCHIATRY/PSYCHOLOGY
INTERNATIONAL JOURNAL OF SPORT PSYCHOLOGY,INT J SPORT PSYCHOL,INT J SPORT PSYCHOL,0047-0767,null,PSYCHIATRY/PSYCHOLOGY
INTERNATIONAL JOURNAL OF STRESS MANAGEMENT,INT J STRESS MANAGEMENT,INT J STRESS MANAGE,1072-5245,1573-3424,PSYCHIATRY/PSYCHOLOGY
INTERNATIONAL PSYCHOGERIATRICS,INT PSYCHOGERIATR,INT PSYCHOGERIATR,1041-6102,1741-203X,PSYCHIATRY/PSYCHOLOGY
INTERNATIONAL REVIEW OF PSYCHIATRY,INT REV PSYCHIATR,INT REV PSYCHIATR,0954-0261,1369-1627,PSYCHIATRY/PSYCHOLOGY
International Review of Social Psychology,INT REV SOC PSYCHOL,INT REV SOC PSYCHOL,2397-8570,2397-8570,PSYCHIATRY/PSYCHOLOGY
International Review of Sport and Exercise Psychology,INT REV SPORT EXERC PSYCHOL,INT REV SPORT EXER P,1750-984X,1750-9858,PSYCHIATRY/PSYCHOLOGY
i-Perception,I-PERCEPTION,I-PERCEPTION,2041-6695,2041-6695,PSYCHIATRY/PSYCHOLOGY
ISRAEL JOURNAL OF PSYCHIATRY AND RELATED SCIENCES,ISR J PSYCHIAT RELATED SCI,ISR J PSYCHIATR REL,0333-7308,0333-7308,PSYCHIATRY/PSYCHOLOGY
JAMA Psychiatry,JAMA PSYCHIATRY,JAMA PSYCHIAT,2168-622X,2168-6238,PSYCHIATRY/PSYCHOLOGY
JAPANESE PSYCHOLOGICAL RESEARCH,JPN PSYCHOL RES,JPN PSYCHOL RES,0021-5368,1468-5884,PSYCHIATRY/PSYCHOLOGY
JOURNAL FOR THE THEORY OF SOCIAL BEHAVIOUR,J THEOR SOC BEHAV,J THEOR SOC BEHAV,0021-8308,1468-5914,PSYCHIATRY/PSYCHOLOGY
JOURNAL OF ABNORMAL CHILD PSYCHOLOGY,J ABNORMAL CHILD PSYCHOL,J ABNORM CHILD PSYCH,0091-0627,1573-2835,PSYCHIATRY/PSYCHOLOGY
JOURNAL OF ABNORMAL PSYCHOLOGY,J ABNORMAL PSYCHOL,J ABNORM PSYCHOL,0021-843X,1939-1846,PSYCHIATRY/PSYCHOLOGY
JOURNAL OF ADOLESCENCE,J ADOLESCENCE,J ADOLESCENCE,0140-1971,1095-9254,PSYCHIATRY/PSYCHOLOGY
JOURNAL OF ADOLESCENT RESEARCH,J ADOLESCENT RES,J ADOLESCENT RES,0743-5584,1552-6895,PSYCHIATRY/PSYCHOLOGY
JOURNAL OF ADULT DEVELOPMENT,J ADULT DEVELOPMENT,J ADULT DEV,1068-0667,1573-3440,PSYCHIATRY/PSYCHOLOGY
JOURNAL OF AFFECTIVE DISORDERS,J AFFECT DISORDERS,J AFFECT DISORDERS,0165-0327,1573-2517,PSYCHIATRY/PSYCHOLOGY
Journal of Aggression Maltreatment & Trauma,J AGGRESS MALTREATMENT TRAUMA,J AGGRESS MALTREAT T,1092-6771,1545-083X,PSYCHIATRY/PSYCHOLOGY
JOURNAL OF ANXIETY DISORDERS,J ANXIETY DISORD,J ANXIETY DISORD,0887-6185,1873-7897,PSYCHIATRY/PSYCHOLOGY
JOURNAL OF APPLIED BEHAVIORAL SCIENCE,J APPL BEHAV SCI,J APPL BEHAV SCI,0021-8863,1552-6879,PSYCHIATRY/PSYCHOLOGY
JOURNAL OF APPLIED BEHAVIOR ANALYSIS,J APPL BEHAV ANAL,J APPL BEHAV ANAL,0021-8855,1938-3703,PSYCHIATRY/PSYCHOLOGY
JOURNAL OF APPLIED DEVELOPMENTAL PSYCHOLOGY,J APPLIED DEV PSYCHOLOGY,J APPL DEV PSYCHOL,0193-3973,1873-7900,PSYCHIATRY/PSYCHOLOGY
JOURNAL OF APPLIED PSYCHOLOGY,J APPL PSYCHOL,J APPL PSYCHOL,0021-9010,1939-1854,PSYCHIATRY/PSYCHOLOGY
JOURNAL OF APPLIED RESEARCH IN INTELLECTUAL DISABILITIES,J APPL RES INTELLECT DISABIL,J APPL RES INTELLECT,1360-2322,1468-3148,PSYCHIATRY/PSYCHOLOGY
Journal of Applied Research in Memory and Cognition,J APPL RES MEM COGN,J APPL RES MEM COGN,2211-3681,2211-369X,PSYCHIATRY/PSYCHOLOGY
JOURNAL OF APPLIED SOCIAL PSYCHOLOGY,J APPL SOC PSYCHOL,J APPL SOC PSYCHOL,0021-9029,1559-1816,PSYCHIATRY/PSYCHOLOGY
JOURNAL OF APPLIED SPORT PSYCHOLOGY,J APPL SPORT PSYCHOL,J APPL SPORT PSYCHOL,1041-3200,1533-1571,PSYCHIATRY/PSYCHOLOGY
Journal of Attention Disorders,J ATTEN DISORD,J ATTEN DISORD,1087-0547,1557-1246,PSYCHIATRY/PSYCHOLOGY
JOURNAL OF AUTISM AND DEVELOPMENTAL DISORDERS,J AUTISM DEV DISORD,J AUTISM DEV DISORD,0162-3257,1573-3432,PSYCHIATRY/PSYCHOLOGY
Journal of Behavioral Addictions,J BEHAV ADDICT,J BEHAV ADDICT,2062-5871,2063-5303,PSYCHIATRY/PSYCHOLOGY
JOURNAL OF BEHAVIORAL DECISION MAKING,J BEHAV DECIS MAKING,J BEHAV DECIS MAKING,0894-3257,1099-0771,PSYCHIATRY/PSYCHOLOGY
JOURNAL OF BEHAVIORAL MEDICINE,J BEHAV MED,J BEHAV MED,0160-7715,1573-3521,PSYCHIATRY/PSYCHOLOGY
JOURNAL OF BEHAVIOR THERAPY AND EXPERIMENTAL PSYCHIATRY,J BEHAV THER EXP PSYCHIAT,J BEHAV THER EXP PSY,0005-7916,1873-7943,PSYCHIATRY/PSYCHOLOGY
Journal of Black Psychology,J BLACK PSYCHOL,J BLACK PSYCHOL,0095-7984,1552-4558,PSYCHIATRY/PSYCHOLOGY
JOURNAL OF BUSINESS AND PSYCHOLOGY,J BUS PSYCHOL,J BUS PSYCHOL,0889-3268,1573-353X,PSYCHIATRY/PSYCHOLOGY
JOURNAL OF CAREER ASSESSMENT,J CAREER ASSESSMENT,J CAREER ASSESSMENT,1069-0727,1552-4590,PSYCHIATRY/PSYCHOLOGY
JOURNAL OF CAREER DEVELOPMENT,J CAREER DEVELOPMENT,J CAREER DEV,0894-8453,1556-0856,PSYCHIATRY/PSYCHOLOGY
JOURNAL OF CHILD AND ADOLESCENT PSYCHOPHARMACOLOGY,J CHILD ADOLESC PSYCHOPHARM,J CHILD ADOL PSYCHOP,1044-5463,1557-8992,PSYCHIATRY/PSYCHOLOGY
Journal of Child and Family Studies,J CHILD FAM STUD,J CHILD FAM STUD,1062-1024,1573-2843,PSYCHIATRY/PSYCHOLOGY
JOURNAL OF CHILD LANGUAGE,J CHILD LANG,J CHILD LANG,0305-0009,1469-7602,PSYCHIATRY/PSYCHOLOGY
JOURNAL OF CHILD PSYCHOLOGY AND PSYCHIATRY,J CHILD PSYCHOL PSYCHIAT,J CHILD PSYCHOL PSYC,0021-9630,1469-7610,PSYCHIATRY/PSYCHOLOGY
Journal of Child Sexual Abuse,J CHILD SEX ABUS,J CHILD SEX ABUS,1053-8712,1547-0679,PSYCHIATRY/PSYCHOLOGY
JOURNAL OF CLINICAL CHILD AND ADOLESCENT PSYCHOLOGY,J CLIN CHILD ADOLESC PSYCHOL,J CLIN CHILD ADOLESC,1537-4416,1537-4424,PSYCHIATRY/PSYCHOLOGY
JOURNAL OF CLINICAL PSYCHIATRY,J CLIN PSYCHIAT,J CLIN PSYCHIAT,0160-6689,1555-2101,PSYCHIATRY/PSYCHOLOGY
JOURNAL OF CLINICAL PSYCHOLOGY IN MEDICAL SETTINGS,J CLIN PSYCHOL MED SETTINGS,J CLIN PSYCHOL MED S,1068-9583,1573-3572,PSYCHIATRY/PSYCHOLOGY
JOURNAL OF CLINICAL PSYCHOLOGY,J CLIN PSYCHOL,J CLIN PSYCHOL,0021-9762,1097-4679,PSYCHIATRY/PSYCHOLOGY
Journal of Cognition and Development,J COGN DEV,J COGN DEV,1524-8372,1532-7647,PSYCHIATRY/PSYCHOLOGY
Journal of Cognitive Psychology,J COGN PSYCHOL,J COGN PSYCHOL,2044-5911,2044-592X,PSYCHIATRY/PSYCHOLOGY
Journal of Cognitive Psychotherapy,J COGN PSYCHOTHER,J COGN PSYCHOTHER,0889-8391,1938-887X,PSYCHIATRY/PSYCHOLOGY
JOURNAL OF COLLEGE STUDENT DEVELOPMENT,J COLL STUD DEVELOP,J COLL STUDENT DEV,0897-5264,1543-3382,PSYCHIATRY/PSYCHOLOGY
JOURNAL OF COMMUNITY & APPLIED SOCIAL PSYCHOLOGY,J COMMUNITY APPL SOCIAL PSYCH,J COMMUNITY APPL SOC,1052-9284,1099-1298,PSYCHIATRY/PSYCHOLOGY
JOURNAL OF COMMUNITY PSYCHOLOGY,J COMMUNITY PSYCHOL,J COMMUNITY PSYCHOL,0090-4392,1520-6629,PSYCHIATRY/PSYCHOLOGY
JOURNAL OF CONSTRUCTIVIST PSYCHOLOGY,J CONSTR PSYCHOL,J CONSTR PSYCHOL,1072-0537,1521-0650,PSYCHIATRY/PSYCHOLOGY
JOURNAL OF CONSULTING AND CLINICAL PSYCHOLOGY,J CONSULT CLIN PSYCHOL,J CONSULT CLIN PSYCH,0022-006X,1939-2117,PSYCHIATRY/PSYCHOLOGY
JOURNAL OF CONSUMER PSYCHOLOGY,J CONSUM PSYCHOL,J CONSUM PSYCHOL,1057-7408,1532-7663,PSYCHIATRY/PSYCHOLOGY
Journal of Contextual Behavioral Science,J CONTEXTUAL BEHAV SCI,J CONTEXT BEHAV SCI,2212-1447,2212-1455,PSYCHIATRY/PSYCHOLOGY
JOURNAL OF COUNSELING AND DEVELOPMENT,J COUNS DEVELOP,J COUNS DEV,0748-9633,1556-6676,PSYCHIATRY/PSYCHOLOGY
JOURNAL OF COUNSELING PSYCHOLOGY,J COUNS PSYCHOL,J COUNS PSYCHOL,0022-0167,1939-2168,PSYCHIATRY/PSYCHOLOGY
JOURNAL OF CREATIVE BEHAVIOR,J CREATIVE BEHAV,J CREATIVE BEHAV,0022-0175,2162-6057,PSYCHIATRY/PSYCHOLOGY
JOURNAL OF CROSS-CULTURAL PSYCHOLOGY,J CROSS-CULT PSYCHOL,J CROSS CULT PSYCHOL,0022-0221,1552-5422,PSYCHIATRY/PSYCHOLOGY
JOURNAL OF DEVELOPMENTAL AND BEHAVIORAL PEDIATRICS,J DEVELOP BEHAV PEDIAT,J DEV BEHAV PEDIATR,0196-206X,1536-7312,PSYCHIATRY/PSYCHOLOGY
Journal of Dual Diagnosis,J DUAL DIAGN,J DUAL DIAGN,1550-4263,1550-4271,PSYCHIATRY/PSYCHOLOGY
JOURNAL OF EARLY ADOLESCENCE,J EARLY ADOLESCENCE,J EARLY ADOLESCENCE,0272-4316,1552-5449,PSYCHIATRY/PSYCHOLOGY
JOURNAL OF ECONOMIC PSYCHOLOGY,J ECON PSYCH,J ECON PSYCHOL,0167-4870,1872-7719,PSYCHIATRY/PSYCHOLOGY
JOURNAL OF ECT,J ECT,J ECT,1095-0680,1533-4112,PSYCHIATRY/PSYCHOLOGY
JOURNAL OF EDUCATIONAL AND PSYCHOLOGICAL CONSULTATION,J EDUC PSYCHOLOGICAL CONS,J EDUC PSYCHOL CONS,1047-4412,1532-768X,PSYCHIATRY/PSYCHOLOGY
JOURNAL OF EDUCATIONAL MEASUREMENT,J EDUC MEAS,J EDUC MEAS,0022-0655,1745-3984,PSYCHIATRY/PSYCHOLOGY
JOURNAL OF EDUCATIONAL PSYCHOLOGY,J EDUC PSYCHOL,J EDUC PSYCHOL,0022-0663,1939-2176,PSYCHIATRY/PSYCHOLOGY
JOURNAL OF EMOTIONAL AND BEHAVIORAL DISORDERS,J EMOTIONAL BEHAV DISORD,J EMOT BEHAV DISORD,1063-4266,1538-4799,PSYCHIATRY/PSYCHOLOGY
JOURNAL OF EMPLOYMENT COUNSELING,J EMPLOY COUNS,J EMPLOYMENT COUNS,0022-0787,2161-1920,PSYCHIATRY/PSYCHOLOGY
Journal of Evidence-Based Psychotherapies,J EVID-BASED PSYCHOTHER,J EVID-BASED PSYCHOT,2360-0853,null,PSYCHIATRY/PSYCHOLOGY
JOURNAL OF EXPERIMENTAL CHILD PSYCHOLOGY,J EXP CHILD PSYCHOL,J EXP CHILD PSYCHOL,0022-0965,1096-0457,PSYCHIATRY/PSYCHOLOGY
JOURNAL OF EXPERIMENTAL PSYCHOLOGY-ANIMAL LEARNING AND COGNITION,J EXP PSYCHOL-ANIM LEARN COGN,J EXP PSYCHOL-ANIM L,2329-8456,2329-8464,PSYCHIATRY/PSYCHOLOGY
JOURNAL OF EXPERIMENTAL PSYCHOLOGY-APPLIED,J EXP PSYCHOL-APPLIED,J EXP PSYCHOL-APPL,1076-898X,1939-2192,PSYCHIATRY/PSYCHOLOGY
JOURNAL OF EXPERIMENTAL PSYCHOLOGY-GENERAL,J EXP PSYCHOL-GEN,J EXP PSYCHOL GEN,0096-3445,1939-2222,PSYCHIATRY/PSYCHOLOGY
JOURNAL OF EXPERIMENTAL PSYCHOLOGY-HUMAN PERCEPTION AND PERFORMANCE,J EXP PSYCHOL-HUM PERCEP PERF,J EXP PSYCHOL HUMAN,0096-1523,1939-1277,PSYCHIATRY/PSYCHOLOGY
JOURNAL OF EXPERIMENTAL PSYCHOLOGY-LEARNING MEMORY AND COGNITION,J EXP PSYCHOL-LEARN MEM COGN,J EXP PSYCHOL LEARN,0278-7393,1939-1285,PSYCHIATRY/PSYCHOLOGY
Journal of Experimental Psychopathology,J EXP PSYCHOPATHOL,J EXP PSYCHOPATHOL,2043-8087,2043-8087,PSYCHIATRY/PSYCHOLOGY
JOURNAL OF EXPERIMENTAL SOCIAL PSYCHOLOGY,J EXP SOC PSYCHOL,J EXP SOC PSYCHOL,0022-1031,1096-0465,PSYCHIATRY/PSYCHOLOGY
JOURNAL OF FAMILY PSYCHOLOGY,J FAMILY PSYCHOLOGY,J FAM PSYCHOL,0893-3200,1939-1293,PSYCHIATRY/PSYCHOLOGY
JOURNAL OF FAMILY THERAPY,J FAM THER,J FAM THER,0163-4445,1467-6427,PSYCHIATRY/PSYCHOLOGY
JOURNAL OF FAMILY VIOLENCE,J FAM VIOLENCE,J FAM VIOLENCE,0885-7482,1573-2851,PSYCHIATRY/PSYCHOLOGY
JOURNAL OF FORENSIC PSYCHIATRY & PSYCHOLOGY,J FORENSIC PSYCHIATRY PSYCHOL,J FORENSIC PSYCHI PS,1478-9949,1478-9957,PSYCHIATRY/PSYCHOLOGY
Journal of Forensic Psychology Practice,J FORENSIC PSYCHOL PRACT,J FORENSIC PSYCHOL P,1522-8932,1522-9092,PSYCHIATRY/PSYCHOLOGY
JOURNAL OF GAMBLING STUDIES,J GAMBL STUD,J GAMBL STUD,1050-5350,1573-3602,PSYCHIATRY/PSYCHOLOGY
JOURNAL OF GENERAL PSYCHOLOGY,J GEN PSYCHOL,J GEN PSYCHOL,0022-1309,1940-0888,PSYCHIATRY/PSYCHOLOGY
JOURNAL OF GENETIC PSYCHOLOGY,J GENET PSYCHOL,J GENET PSYCHOL,0022-1325,1940-0896,PSYCHIATRY/PSYCHOLOGY
Journal of Happiness Studies,J HAPPINESS STUD,J HAPPINESS STUD,1389-4978,1573-7780,PSYCHIATRY/PSYCHOLOGY
JOURNAL OF HEALTH PSYCHOLOGY,J HEALTH PSYCHOL,J HEALTH PSYCHOL,1359-1053,1461-7277,PSYCHIATRY/PSYCHOLOGY
JOURNAL OF HOMOSEXUALITY,J HOMOSEXUAL,J HOMOSEXUAL,0091-8369,1540-3602,PSYCHIATRY/PSYCHOLOGY
JOURNAL OF HUMANISTIC PSYCHOLOGY,J HUM PSYCHOL,J HUMANIST PSYCHOL,0022-1678,1552-650X,PSYCHIATRY/PSYCHOLOGY
Journal of Individual Differences,J INDIVID DIF,J INDIVID DIFFER,1614-0001,2151-2299,PSYCHIATRY/PSYCHOLOGY
JOURNAL OF INTELLECTUAL & DEVELOPMENTAL DISABILITY,J INTELLECT DEV DISABIL,J INTELLECT DEV DIS,1366-8250,1469-9532,PSYCHIATRY/PSYCHOLOGY
Journal of Investigative Psychology and Offender Profiling,J INVESTIG PSYCHOL OFFENDER P,J INVEST PSYCHOL OFF,1544-4759,1544-4767,PSYCHIATRY/PSYCHOLOGY
JOURNAL OF LANGUAGE AND SOCIAL PSYCHOLOGY,J LANG SOC PSYCHOL,J LANG SOC PSYCHOL,0261-927X,1552-6526,PSYCHIATRY/PSYCHOLOGY
Journal of Latina-o Psychology,J LAT O PSYCHOL,J LAT O PSYCHOL,2168-1678,2163-0070,PSYCHIATRY/PSYCHOLOGY
JOURNAL OF LOSS & TRAUMA,J LOSS TRAUMA,J LOSS TRAUMA,1532-5024,1532-5032,PSYCHIATRY/PSYCHOLOGY
Journal of Managerial Psychology,J MANAG PSYCHOL,J MANAGE PSYCHOL,0268-3946,1758-7778,PSYCHIATRY/PSYCHOLOGY
JOURNAL OF MARITAL AND FAMILY THERAPY,J MARITAL FAM THER,J MARITAL FAM THER,0194-472X,1752-0606,PSYCHIATRY/PSYCHOLOGY
JOURNAL OF MATHEMATICAL PSYCHOLOGY,J MATH PSYCHOL,J MATH PSYCHOL,0022-2496,1096-0880,PSYCHIATRY/PSYCHOLOGY
Journal of Media Psychology-Theories Methods and Applications,J MEDIA PSYCHOL,J MEDIA PSYCHOL-GER,1864-1105,2151-2388,PSYCHIATRY/PSYCHOLOGY
JOURNAL OF MEMORY AND LANGUAGE,J MEM LANG,J MEM LANG,0749-596X,1096-0821,PSYCHIATRY/PSYCHOLOGY
Journal of Mental Health,J MENT HEAL,J MENT HEALTH,0963-8237,1360-0567,PSYCHIATRY/PSYCHOLOGY
Journal of Mental Health Policy and Economics,J MENT HEALTH POLICY ECON,J MENT HEALTH POLICY,1091-4358,1099-176X,PSYCHIATRY/PSYCHOLOGY
Journal of Mental Health Research in Intellectual Disabilities,J MENT HEALTH RES INTELLECT D,J MENT HEALTH RES IN,1931-5864,1931-5872,PSYCHIATRY/PSYCHOLOGY
JOURNAL OF MOTOR BEHAVIOR,J MOTOR BEHAV,J MOTOR BEHAV,0022-2895,1940-1027,PSYCHIATRY/PSYCHOLOGY
JOURNAL OF MULTICULTURAL COUNSELING AND DEVELOPMENT,J MULTICULT COUNS DEVELOPMENT,J MULTICULT COUNS D,0883-8534,2161-1912,PSYCHIATRY/PSYCHOLOGY
JOURNAL OF NERVOUS AND MENTAL DISEASE,J NERV MENT DIS,J NERV MENT DIS,0022-3018,1539-736X,PSYCHIATRY/PSYCHOLOGY
Journal of Neuropsychology,J NEUROPSYCHOL,J NEUROPSYCHOL,1748-6645,1748-6653,PSYCHIATRY/PSYCHOLOGY
Journal of Neuroscience Psychology and Economics,J NEUROSCI PSYCHOL ECON,J NEUROSCI PSYCHOL E,1937-321X,2151-318X,PSYCHIATRY/PSYCHOLOGY
JOURNAL OF NONVERBAL BEHAVIOR,J NONVERBAL BEHAV,J NONVERBAL BEHAV,0191-5886,1573-3653,PSYCHIATRY/PSYCHOLOGY
Journal of Obsessive-Compulsive and Related Disorders,J OBSESSIVE-COMPULS RELAT DIS,J OBSESS-COMPULS REL,2211-3649,null,PSYCHIATRY/PSYCHOLOGY
JOURNAL OF OCCUPATIONAL AND ORGANIZATIONAL PSYCHOLOGY,J OCCUP ORGAN PSYCHOL,J OCCUP ORGAN PSYCH,0963-1798,2044-8325,PSYCHIATRY/PSYCHOLOGY
Journal of Occupational Health Psychology,J OCCUP HEALTH PSYCHOL,J OCCUP HEALTH PSYCH,1076-8998,1939-1307,PSYCHIATRY/PSYCHOLOGY
JOURNAL OF ORGANIZATIONAL BEHAVIOR,J ORGAN BEHAV,J ORGAN BEHAV,0894-3796,1099-1379,PSYCHIATRY/PSYCHOLOGY
Journal of Pacific Rim Psychology,J PAC RIM PSYCHOL,J PAC RIM PSYCHOL,1834-4909,1834-4909,PSYCHIATRY/PSYCHOLOGY
JOURNAL OF PEDIATRIC PSYCHOLOGY,J PEDIAT PSYCHOL,J PEDIATR PSYCHOL,0146-8693,1465-735X,PSYCHIATRY/PSYCHOLOGY
JOURNAL OF PERSONALITY AND SOCIAL PSYCHOLOGY,J PERSONAL SOC PSYCHOL,J PERS SOC PSYCHOL,0022-3514,1939-1315,PSYCHIATRY/PSYCHOLOGY
JOURNAL OF PERSONALITY ASSESSMENT,J PERSONAL ASSESS,J PERS ASSESS,0022-3891,1532-7752,PSYCHIATRY/PSYCHOLOGY
JOURNAL OF PERSONALITY DISORDERS,J PERS DISORD,J PERS DISORD,0885-579X,1943-2763,PSYCHIATRY/PSYCHOLOGY
JOURNAL OF PERSONALITY,J PERSONALITY,J PERS,0022-3506,1467-6494,PSYCHIATRY/PSYCHOLOGY
Journal of Personnel Psychology,J PERS PSYCHOL,J PERS PSYCHOL,1866-5888,2190-5150,PSYCHIATRY/PSYCHOLOGY
JOURNAL OF POSITIVE BEHAVIOR INTERVENTIONS,J POSIT BEHAV INTERV,J POSIT BEHAV INTERV,1098-3007,1538-4772,PSYCHIATRY/PSYCHOLOGY
Journal of Positive Psychology,J POSIT PSYCHOL,J POSIT PSYCHOL,1743-9760,1743-9779,PSYCHIATRY/PSYCHOLOGY
Journal of Psychiatric Practice,J PSYCHIATR PRACT,J PSYCHIATR PRACT,1527-4160,1538-1145,PSYCHIATRY/PSYCHOLOGY
JOURNAL OF PSYCHIATRIC RESEARCH,J PSYCHIATR RES,J PSYCHIATR RES,0022-3956,1879-1379,PSYCHIATRY/PSYCHOLOGY
JOURNAL OF PSYCHIATRY & NEUROSCIENCE,J PSYCHIATR NEUROSCI,J PSYCHIATR NEUROSCI,1180-4882,1488-2434,PSYCHIATRY/PSYCHOLOGY
JOURNAL OF PSYCHOACTIVE DRUGS,J PSYCHOACTIVE DRUG,J PSYCHOACTIVE DRUGS,0279-1072,2159-9777,PSYCHIATRY/PSYCHOLOGY
JOURNAL OF PSYCHOEDUCATIONAL ASSESSMENT,J PSYCHOEDUC ASSESS,J PSYCHOEDUC ASSESS,0734-2829,1557-5144,PSYCHIATRY/PSYCHOLOGY
JOURNAL OF PSYCHOLINGUISTIC RESEARCH,J PSYCHOLINGUIST RES,J PSYCHOLINGUIST RES,0090-6905,1573-6555,PSYCHIATRY/PSYCHOLOGY
JOURNAL OF PSYCHOLOGY AND THEOLOGY,J PSYCHOL THEOL,J PSYCHOL THEOL,0091-6471,2328-1162,PSYCHIATRY/PSYCHOLOGY
Journal of Psychology in Africa,J PSYCHOL AFR,J PSYCHOL AFR,1433-0237,1815-5626,PSYCHIATRY/PSYCHOLOGY
JOURNAL OF PSYCHOLOGY,J PSYCHOL,J PSYCHOL,0022-3980,1940-1019,PSYCHIATRY/PSYCHOLOGY
JOURNAL OF PSYCHOPATHOLOGY AND BEHAVIORAL ASSESSMENT,J PSYCHOPATHOL BEHAV ASSESS,J PSYCHOPATHOL BEHAV,0882-2689,1573-3505,PSYCHIATRY/PSYCHOLOGY
JOURNAL OF PSYCHOSOCIAL NURSING AND MENTAL HEALTH SERVICES,J PSYCHOSOC NURS MENT HEALTH,J PSYCHOSOC NURS MEN,0279-3695,1938-2413,PSYCHIATRY/PSYCHOLOGY
JOURNAL OF PSYCHOSOCIAL ONCOLOGY,J PSYCHOSOC ONCOL,J PSYCHOSOC ONCOL,0734-7332,1540-7586,PSYCHIATRY/PSYCHOLOGY
JOURNAL OF PSYCHOSOMATIC OBSTETRICS & GYNECOLOGY,J PSYCHOSOM OBSTET GYNECOL,J PSYCHOSOM OBST GYN,0167-482X,1743-8942,PSYCHIATRY/PSYCHOLOGY
JOURNAL OF PSYCHOSOMATIC RESEARCH,J PSYCHOSOM RES,J PSYCHOSOM RES,0022-3999,1879-1360,PSYCHIATRY/PSYCHOLOGY
Journal of Rational-Emotive and Cognitive-Behavior Therapy,J RATION-EMOT COGN-BEHAV THER,J RATION-EMOT COGN-B,0894-9085,1573-6563,PSYCHIATRY/PSYCHOLOGY
JOURNAL OF REPRODUCTIVE AND INFANT PSYCHOLOGY,J REPROD INFANT PSYCHOL,J REPROD INFANT PSYC,0264-6838,1469-672X,PSYCHIATRY/PSYCHOLOGY
JOURNAL OF RESEARCH IN PERSONALITY,J RES PERSONAL,J RES PERS,0092-6566,1095-7251,PSYCHIATRY/PSYCHOLOGY
JOURNAL OF RESEARCH ON ADOLESCENCE,J RES ADOLESCE,J RES ADOLESCENCE,1050-8392,1532-7795,PSYCHIATRY/PSYCHOLOGY
JOURNAL OF SCHOOL PSYCHOLOGY,J SCH PSYCHOL,J SCHOOL PSYCHOL,0022-4405,1873-3506,PSYCHIATRY/PSYCHOLOGY
JOURNAL OF SEX & MARITAL THERAPY,J SEX MAR THER,J SEX MARITAL THER,0092-623X,1521-0715,PSYCHIATRY/PSYCHOLOGY
JOURNAL OF SEX RESEARCH,J SEX RES,J SEX RES,0022-4499,1559-8519,PSYCHIATRY/PSYCHOLOGY
JOURNAL OF SOCIAL AND CLINICAL PSYCHOLOGY,J SOC CLIN PSYCHOL,J SOC CLIN PSYCHOL,0736-7236,null,PSYCHIATRY/PSYCHOLOGY
JOURNAL OF SOCIAL PSYCHOLOGY,J SOC PSYCHOL,J SOC PSYCHOL,0022-4545,1940-1183,PSYCHIATRY/PSYCHOLOGY
JOURNAL OF SPORT & EXERCISE PSYCHOLOGY,J SPORT EXERCISE PSYCHOL,J SPORT EXERCISE PSY,0895-2779,1543-2904,PSYCHIATRY/PSYCHOLOGY
JOURNAL OF THE AMERICAN ACADEMY OF CHILD AND ADOLESCENT PSYCHIATRY,J AMER ACAD CHILD ADOLESC PSY,J AM ACAD CHILD PSY,0890-8567,1527-5418,PSYCHIATRY/PSYCHOLOGY
JOURNAL OF THE AMERICAN ACADEMY OF PSYCHIATRY AND THE LAW,J AM ACAD PSYCHIATRY LAW,J AM ACAD PSYCHIATRY,1093-6793,1943-3662,PSYCHIATRY/PSYCHOLOGY
Journal of the American Psychiatric Nurses Association,J AM PSYCH NURSES ASSOC,J AM PSYCHIAT NURSES,1078-3903,1532-5725,PSYCHIATRY/PSYCHOLOGY
JOURNAL OF THE AMERICAN PSYCHOANALYTIC ASSOCIATION,J AMER PSYCHOANAL ASSN,J AM PSYCHOANAL ASS,0003-0651,1941-2460,PSYCHIATRY/PSYCHOLOGY
JOURNAL OF THE EXPERIMENTAL ANALYSIS OF BEHAVIOR,J EXP ANAL BEHAV,J EXP ANAL BEHAV,0022-5002,1938-3711,PSYCHIATRY/PSYCHOLOGY
Journal of Trauma & Dissociation,J TRAUMA DISSOCIATION,J TRAUMA DISSOCIATIO,1529-9732,1529-9740,PSYCHIATRY/PSYCHOLOGY
JOURNAL OF TRAUMATIC STRESS,J TRAUMA STRESS,J TRAUMA STRESS,0894-9867,1573-6598,PSYCHIATRY/PSYCHOLOGY
JOURNAL OF VOCATIONAL BEHAVIOR,J VOCAT BEHAV,J VOCAT BEHAV,0001-8791,1095-9084,PSYCHIATRY/PSYCHOLOGY
Journal of Work and Organizational Psychology-Revista de Psicologia del Trabajo y de las Organizaciones,J WORK ORGAN PSYCHOL,J WORK ORGAN PSYCHOL,1576-5962,2174-0534,PSYCHIATRY/PSYCHOLOGY
JOURNAL OF YOUTH AND ADOLESCENCE,J YOUTH ADOLESCENCE,J YOUTH ADOLESCENCE,0047-2891,1573-6601,PSYCHIATRY/PSYCHOLOGY
Judgment and Decision Making,JUDGM DECIS MAK,JUDGM DECIS MAK,1930-2975,1930-2975,PSYCHIATRY/PSYCHOLOGY
KINDHEIT UND ENTWICKLUNG,KINDH ENTWICKL,KINDH ENTWICKL,0942-5403,2190-6246,PSYCHIATRY/PSYCHOLOGY
KOLNER ZEITSCHRIFT FUR SOZIOLOGIE UND SOZIALPSYCHOLOGIE,KOLNER Z SOZIOL SOZIALPSYCHOL,KOLNER Z SOZIOL SOZ,0023-2653,1861-891X,PSYCHIATRY/PSYCHOLOGY
Lancet Psychiatry,LANCET PSYCHIATRY,LANCET PSYCHIAT,2215-0374,null,PSYCHIATRY/PSYCHOLOGY
Language Cognition and Neuroscience,LANG COGN NEUROSCI,LANG COGN NEUROSCI,2327-3798,2327-3801,PSYCHIATRY/PSYCHOLOGY
LATERALITY,LATERALITY,LATERALITY,1357-650X,1464-0678,PSYCHIATRY/PSYCHOLOGY
LAW AND HUMAN BEHAVIOR,LAW HUM BEHAV,LAW HUMAN BEHAV,0147-7307,1573-661X,PSYCHIATRY/PSYCHOLOGY
LEARNING AND INDIVIDUAL DIFFERENCES,LEARN INDIVID DIFFER,LEARN INDIVID DIFFER,1041-6080,1873-3425,PSYCHIATRY/PSYCHOLOGY
LEARNING AND MOTIVATION,LEARN MOTIV,LEARN MOTIV,0023-9690,1095-9122,PSYCHIATRY/PSYCHOLOGY
LEARNING & BEHAVIOR,LEARN BEHAV,LEARN BEHAV,1543-4494,1543-4508,PSYCHIATRY/PSYCHOLOGY
LEGAL AND CRIMINOLOGICAL PSYCHOLOGY,LEGAL CRIMINOL PSYCHOL,LEGAL CRIMINOL PSYCH,1355-3259,2044-8333,PSYCHIATRY/PSYCHOLOGY
MEASUREMENT AND EVALUATION IN COUNSELING AND DEVELOPMENT,MEAS EVAL COUNS DEVELOP,MEAS EVAL COUNS DEV,0748-1756,1947-6302,PSYCHIATRY/PSYCHOLOGY
MEDIA PSYCHOLOGY,MEDIA PSYCHOL,MEDIA PSYCHOL,1521-3269,1532-785X,PSYCHIATRY/PSYCHOLOGY
MEMORY & COGNITION,MEM COGNITION,MEM COGNITION,0090-502X,1532-5946,PSYCHIATRY/PSYCHOLOGY
MEMORY,MEMORY,MEMORY,0965-8211,1464-0686,PSYCHIATRY/PSYCHOLOGY
Mental Health and Physical Activity,MENT HEALTH PHYS ACT,MENT HEALTH PHYS ACT,1755-2966,null,PSYCHIATRY/PSYCHOLOGY
MERRILL-PALMER QUARTERLY-JOURNAL OF DEVELOPMENTAL PSYCHOLOGY,MERRILL-PALMER QUART-J DEVEL,MERRILL PALMER QUART,0272-930X,1535-0266,PSYCHIATRY/PSYCHOLOGY
MILITARY PSYCHOLOGY,MIL PSYCHOL,MIL PSYCHOL,0899-5605,1532-7876,PSYCHIATRY/PSYCHOLOGY
Mindfulness,MINDFULNESS,MINDFULNESS,1868-8527,1868-8535,PSYCHIATRY/PSYCHOLOGY
MIND & LANGUAGE,MIND LANG,MIND LANG,0268-1064,1468-0017,PSYCHIATRY/PSYCHOLOGY
Minnesota Symposia on Child Psychology,MINN SYM CHILD PSYCHOL,MINN SYM CHILD PSYCH,0076-9266,null,PSYCHIATRY/PSYCHOLOGY
MONOGRAPHS OF THE SOCIETY FOR RESEARCH IN CHILD DEVELOPMENT,MONOGR SOC RES CHILD DEVELOP,MONOGR SOC RES CHILD,0037-976X,1540-5834,PSYCHIATRY/PSYCHOLOGY
MOTIVATION AND EMOTION,MOTIV EMOTION,MOTIV EMOTION,0146-7239,1573-6644,PSYCHIATRY/PSYCHOLOGY
Multisensory Research,MULTISENS RES,MULTISENS RES,2213-4794,2213-4808,PSYCHIATRY/PSYCHOLOGY
MULTIVARIATE BEHAVIORAL RESEARCH,MULTIVARIATE BEHAV RES,MULTIVAR BEHAV RES,0027-3171,1532-7906,PSYCHIATRY/PSYCHOLOGY
MUSICAE SCIENTIAE,MUSIC SCI,MUSIC SCI,1029-8649,2045-4147,PSYCHIATRY/PSYCHOLOGY
MUSIC PERCEPTION,MUSIC PERCEPT,MUSIC PERCEPT,0730-7829,null,PSYCHIATRY/PSYCHOLOGY
Nebraska Symposium on Motivation,NEBR SYMP MOTIV,NEBR SYM MOTIV,0146-7875,null,PSYCHIATRY/PSYCHOLOGY
NEUROPSYCHOLOGIA,NEUROPSYCHOLOGIA,NEUROPSYCHOLOGIA,0028-3932,1873-3514,PSYCHIATRY/PSYCHOLOGY
NEUROPSYCHOLOGICAL REHABILITATION,NEUROPSYCHOL REHABIL,NEUROPSYCHOL REHABIL,0960-2011,1464-0694,PSYCHIATRY/PSYCHOLOGY
NEUROPSYCHOLOGY,NEUROPSYCHOLOGY,NEUROPSYCHOLOGY,0894-4105,1931-1559,PSYCHIATRY/PSYCHOLOGY
New Directions for Child and Adolescent Development,NEW DIR CHILD ADOLES DEVELOP,NEW DIR CHILD ADOLES,1534-8687,null,PSYCHIATRY/PSYCHOLOGY
NEW IDEAS IN PSYCHOLOGY,NEW IDEA PSYCHOL,NEW IDEAS PSYCHOL,0732-118X,1873-3522,PSYCHIATRY/PSYCHOLOGY
Nonlinear Dynamics Psychology and Life Sciences,NONLINEAR DYN PSYCHOL LIFE SC,NONLIN DYNAM PSYCHOL,1090-0578,1573-6652,PSYCHIATRY/PSYCHOLOGY
NORDIC JOURNAL OF PSYCHIATRY,NORD J PSYCHIATR,NORD J PSYCHIAT,0803-9488,1502-4725,PSYCHIATRY/PSYCHOLOGY
Nordic Psychology,NORD PSYCHOL,NORD PSYCHOL,1901-2276,1904-0016,PSYCHIATRY/PSYCHOLOGY
OMEGA-JOURNAL OF DEATH AND DYING,OMEGA-J DEATH DYING,OMEGA-J DEATH DYING,0030-2228,1541-3764,PSYCHIATRY/PSYCHOLOGY
Organizational Psychology Review,ORGAN PSYCHOL REV,ORGAN PSYCHOL REV,2041-3866,2041-3874,PSYCHIATRY/PSYCHOLOGY
Parenting-Science and Practice,PARENT-SCI PRACT,PARENT-SCI PRACT,1529-5192,1532-7922,PSYCHIATRY/PSYCHOLOGY
PERCEPTION,PERCEPTION,PERCEPTION,0301-0066,1468-4233,PSYCHIATRY/PSYCHOLOGY
PERCEPTUAL AND MOTOR SKILLS,PERCEPT MOT SKILLS,PERCEPT MOTOR SKILL,0031-5125,1558-688X,PSYCHIATRY/PSYCHOLOGY
PERSONALITY AND INDIVIDUAL DIFFERENCES,PERS INDIV DIFFER,PERS INDIV DIFFER,0191-8869,null,PSYCHIATRY/PSYCHOLOGY
Personality and Mental Health,PERSONAL MENT HEALTH,PERSONAL MENT HEALTH,1932-8621,1932-863X,PSYCHIATRY/PSYCHOLOGY
PERSONALITY AND SOCIAL PSYCHOLOGY BULLETIN,PERS SOC PSYCHOL BULL,PERS SOC PSYCHOL B,0146-1672,1552-7433,PSYCHIATRY/PSYCHOLOGY
PERSONALITY AND SOCIAL PSYCHOLOGY REVIEW,PERS SOC PSYCHOL REV,PERS SOC PSYCHOL REV,1088-8683,1532-7957,PSYCHIATRY/PSYCHOLOGY
Personality Disorders-Theory Research and Treatment,PERSONAL DISORD,PERSONAL DISORD,1949-2715,1949-2723,PSYCHIATRY/PSYCHOLOGY
PERSONAL RELATIONSHIPS,PERSONAL RELATIONSHIPS,PERS RELATIONSHIP,1350-4126,1475-6811,PSYCHIATRY/PSYCHOLOGY
PERSONNEL PSYCHOLOGY,PERS PSYCHOL,PERS PSYCHOL,0031-5826,1744-6570,PSYCHIATRY/PSYCHOLOGY
PERSONNEL REVIEW,PERS REV,PERS REV,0048-3486,1758-6933,PSYCHIATRY/PSYCHOLOGY
PERSPECTIVES IN PSYCHIATRIC CARE,PERSPECT PSYCHIATR CARE,PERSPECT PSYCHIATR C,0031-5990,1744-6163,PSYCHIATRY/PSYCHOLOGY
Perspectives on Psychological Science,PERSPECT PSYCHOL SCI,PERSPECT PSYCHOL SCI,1745-6916,1745-6924,PSYCHIATRY/PSYCHOLOGY
PHILOSOPHICAL PSYCHOLOGY,PHILOS PSYCHOL,PHILOS PSYCHOL,0951-5089,1465-394X,PSYCHIATRY/PSYCHOLOGY
POLITICAL PSYCHOLOGY,POLIT PSYCHOL,POLIT PSYCHOL,0162-895X,1467-9221,PSYCHIATRY/PSYCHOLOGY
Pratiques Psychologiques,PRAT PSYCHOL,PRAT PSYCHOL,1269-1763,null,PSYCHIATRY/PSYCHOLOGY
PRAXIS DER KINDERPSYCHOLOGIE UND KINDERPSYCHIATRIE,PRAX KINDERPSYCHOL KINDERPSYC,PRAX KINDERPSYCHOL K,0032-7034,2196-8225,PSYCHIATRY/PSYCHOLOGY
PROFESSIONAL PSYCHOLOGY-RESEARCH AND PRACTICE,PROF PSYCHOL-RES PRACT,PROF PSYCHOL-RES PR,0735-7028,1939-1323,PSYCHIATRY/PSYCHOLOGY
Psicologia-Reflexao e Critica,PSICOL-REFLEX CRIT,PSICOL-REFLEX CRIT,1678-7153,1678-7153,PSYCHIATRY/PSYCHOLOGY
Psicologica,PSICOLOGICA,PSICOLOGICA,0211-2159,1576-8597,PSYCHIATRY/PSYCHOLOGY
PSICOTHEMA,PSICOTHEMA,PSICOTHEMA,0214-9915,1886-144X,PSYCHIATRY/PSYCHOLOGY
Psihologija,PSIHOLOGIJA,PSIHOLOGIJA,0048-5705,null,PSYCHIATRY/PSYCHOLOGY
PSIKHOLOGICHESKII ZHURNAL,PSIKHOL ZH,PSIKHOL ZH,0205-9592,null,PSYCHIATRY/PSYCHOLOGY
PSYCHE-ZEITSCHRIFT FUR PSYCHOANALYSE UND IHRE ANWENDUNGEN,PSYCHE-Z PSYCHOANAL ANWEND,PSYCHE-Z PSYCHOANAL,0033-2623,null,PSYCHIATRY/PSYCHOLOGY
Psychiatria Danubina,PSYCHIATR DANUB,PSYCHIAT DANUB,0353-5053,null,PSYCHIATRY/PSYCHOLOGY
Psychiatria Polska,PSYCHIATR POL,PSYCHIATR POL,0033-2674,null,PSYCHIATRY/PSYCHOLOGY
PSYCHIATRIC ANNALS,PSYCHIAT ANN,PSYCHIAT ANN,0048-5713,1938-2456,PSYCHIATRY/PSYCHOLOGY
PSYCHIATRIC CLINICS OF NORTH AMERICA,PSYCHIAT CLIN N AMER,PSYCHIAT CLIN N AM,0193-953X,1558-3147,PSYCHIATRY/PSYCHOLOGY
PSYCHIATRIC QUARTERLY,PSYCHIAT QUART,PSYCHIAT QUART,0033-2720,1573-6709,PSYCHIATRY/PSYCHOLOGY
PSYCHIATRIC REHABILITATION JOURNAL,PSYCHIATR REHABIL J,PSYCHIATR REHABIL J,1095-158X,1559-3126,PSYCHIATRY/PSYCHOLOGY
PSYCHIATRIC SERVICES,PSYCHIATR SERVICES,PSYCHIAT SERV,1075-2730,1557-9700,PSYCHIATRY/PSYCHOLOGY
PSYCHIATRIE DE L ENFANT,PSYCHIAT ENFANT,PSYCHIAT ENFANT,0079-726X,2102-5320,PSYCHIATRY/PSYCHOLOGY
PSYCHIATRISCHE PRAXIS,PSYCHIAT PRAX,PSYCHIAT PRAX,0303-4259,1439-0876,PSYCHIATRY/PSYCHOLOGY
Psychiatry and Clinical Psychopharmacology,PSYCHIATRY CLIN PSYCHOPHARMAC,PSYCHIAT CLIN PSYCH,2475-0573,2475-0581,PSYCHIATRY/PSYCHOLOGY
PSYCHIATRY-INTERPERSONAL AND BIOLOGICAL PROCESSES,PSYCHIATRY,PSYCHIATRY,0033-2747,1943-281X,PSYCHIATRY/PSYCHOLOGY
Psychiatry Investigation,PSYCHIATRY INVESTIG,PSYCHIAT INVEST,1738-3684,1976-3026,PSYCHIATRY/PSYCHOLOGY
Psychiatry Psychology and Law,PSYCHIATRY PSYCHOL LAW,PSYCHIAT PSYCHOL LAW,1321-8719,1934-1687,PSYCHIATRY/PSYCHOLOGY
PSYCHIATRY RESEARCH,PSYCHIAT RES,PSYCHIAT RES,0165-1781,null,PSYCHIATRY/PSYCHOLOGY
PsyCh Journal,PSYCH J,PSYCH J,2046-0252,2046-0260,PSYCHIATRY/PSYCHOLOGY
PSYCHOANALYTIC DIALOGUES,PSYCHOANAL DIALOGUES,PSYCHOANAL DIALOGUES,1048-1885,1940-9222,PSYCHIATRY/PSYCHOLOGY
PSYCHOANALYTIC INQUIRY,PSYCHOANAL INQ,PSYCHOANAL INQ,0735-1690,1940-9133,PSYCHIATRY/PSYCHOLOGY
PSYCHOANALYTIC PSYCHOLOGY,PSYCHOANAL PSYCHOL,PSYCHOANAL PSYCHOL,0736-9735,1939-1331,PSYCHIATRY/PSYCHOLOGY
PSYCHOANALYTIC QUARTERLY,PSYCHOANAL QUART,PSYCHOANAL QUART,0033-2828,null,PSYCHIATRY/PSYCHOLOGY
Psychoanalytic Study of the Child,PSYCHOANAL STUD CHILD,PSYCHOANAL STUD CHIL,0079-7308,null,PSYCHIATRY/PSYCHOLOGY
Psychogeriatrics,PSYCHOGERIATRICS,PSYCHOGERIATRICS,1346-3500,1479-8301,PSYCHIATRY/PSYCHOLOGY
PSYCHOLOGIA,PSYCHOLOGIA,PSYCHOLOGIA,0033-2852,1347-5916,PSYCHIATRY/PSYCHOLOGY
PSYCHOLOGICA BELGICA,PSYCHOL BELG,PSYCHOL BELG,0033-2879,0033-2879,PSYCHIATRY/PSYCHOLOGY
PSYCHOLOGICAL ASSESSMENT,PSYCHOL ASSESSMENT,PSYCHOL ASSESSMENT,1040-3590,1939-134X,PSYCHIATRY/PSYCHOLOGY
PSYCHOLOGICAL BULLETIN,PSYCHOL BULL,PSYCHOL BULL,0033-2909,1939-1455,PSYCHIATRY/PSYCHOLOGY
PSYCHOLOGICAL INQUIRY,PSYCHOL INQ,PSYCHOL INQ,1047-840X,1532-7965,PSYCHIATRY/PSYCHOLOGY
PSYCHOLOGICAL MEDICINE,PSYCHOL MED,PSYCHOL MED,0033-2917,1469-8978,PSYCHIATRY/PSYCHOLOGY
PSYCHOLOGICAL METHODS,PSYCHOL METHODS,PSYCHOL METHODS,1082-989X,1939-1463,PSYCHIATRY/PSYCHOLOGY
PSYCHOLOGICAL RECORD,PSYCHOL REC,PSYCHOL REC,0033-2933,2163-3452,PSYCHIATRY/PSYCHOLOGY
PSYCHOLOGICAL REPORTS,PSYCHOL REP,PSYCHOL REP,0033-2941,1558-691X,PSYCHIATRY/PSYCHOLOGY
PSYCHOLOGICAL RESEARCH-PSYCHOLOGISCHE FORSCHUNG,PSYCHOL RES-PSYCHOL FORSCH,PSYCHOL RES-PSYCH FO,0340-0727,1430-2772,PSYCHIATRY/PSYCHOLOGY
PSYCHOLOGICAL REVIEW,PSYCHOL REV,PSYCHOL REV,0033-295X,1939-1471,PSYCHIATRY/PSYCHOLOGY
Psychological Science in the Public Interest,PSYCHOL SCI PUBLIC INTEREST,PSYCHOL SCI PUBL INT,1529-1006,1539-6053,PSYCHIATRY/PSYCHOLOGY
PSYCHOLOGICAL SCIENCE,PSYCHOL SCI,PSYCHOL SCI,0956-7976,1467-9280,PSYCHIATRY/PSYCHOLOGY
Psychological Services,PSYCHOL SERV,PSYCHOL SERV,1541-1559,1939-148X,PSYCHIATRY/PSYCHOLOGY
Psychological Trauma-Theory Research Practice and Policy,PSYCHOL TRAUMA,PSYCHOL TRAUMA-US,1942-9681,1942-969X,PSYCHIATRY/PSYCHOLOGY
Psychologie Francaise,PSYCHOL FR,PSYCHOL FR,0033-2984,null,PSYCHIATRY/PSYCHOLOGY
PSYCHOLOGIE IN ERZIEHUNG UND UNTERRICHT,PSYCHOL ERZIEH UNTERRICHT,PSYCHOL ERZ UNTERR,0342-183X,null,PSYCHIATRY/PSYCHOLOGY
PSYCHOLOGISCHE RUNDSCHAU,PSYCHOL RUNDSCH,PSYCHOL RUNDSCH,0033-3042,2190-6238,PSYCHIATRY/PSYCHOLOGY
PSYCHOLOGIST,PSYCHOLOGIST,PSYCHOLOGIST,0952-8229,0952-8229,PSYCHIATRY/PSYCHOLOGY
PSYCHOLOGY AND AGING,PSYCHOL AGING,PSYCHOL AGING,0882-7974,1939-1498,PSYCHIATRY/PSYCHOLOGY
PSYCHOLOGY AND PSYCHOTHERAPY-THEORY RESEARCH AND PRACTICE,PSYCHOL PSYCHOTHER-THEORY RES,PSYCHOL PSYCHOTHER-T,1476-0835,2044-8341,PSYCHIATRY/PSYCHOLOGY
PSYCHOLOGY CRIME & LAW,PSYCHOL CRIME LAW,PSYCHOL CRIME LAW,1068-316X,1477-2744,PSYCHIATRY/PSYCHOLOGY
Psychology Health & Medicine,PSYCHOL HEALTH MED,PSYCHOL HEALTH MED,1354-8506,1465-3966,PSYCHIATRY/PSYCHOLOGY
PSYCHOLOGY & HEALTH,PSYCHOL HEALTH,PSYCHOL HEALTH,0887-0446,1476-8321,PSYCHIATRY/PSYCHOLOGY
PSYCHOLOGY IN THE SCHOOLS,PSYCHOL SCH,PSYCHOL SCHOOLS,0033-3085,1520-6807,PSYCHIATRY/PSYCHOLOGY
PSYCHOLOGY & MARKETING,PSYCHOL MARKET,PSYCHOL MARKET,0742-6046,1520-6793,PSYCHIATRY/PSYCHOLOGY
PSYCHOLOGY OF ADDICTIVE BEHAVIORS,PSYCHOL ADDICT BEHAV,PSYCHOL ADDICT BEHAV,0893-164X,1939-1501,PSYCHIATRY/PSYCHOLOGY
Psychology of Aesthetics Creativity and the Arts,PSYCHOL AESTHET CREAT ARTS,PSYCHOL AESTHET CREA,1931-3896,1931-390X,PSYCHIATRY/PSYCHOLOGY
Psychology of Learning and Motivation,PSYCH LEARN MOTIV-ADV RES TH,PSYCHOL LEARN MOTIV,0079-7421,null,PSYCHIATRY/PSYCHOLOGY
Psychology of Men & Masculinity,PSYCHOL MEN MASCULINITY,PSYCHOL MEN MASCULIN,1524-9220,1939-151X,PSYCHIATRY/PSYCHOLOGY
Psychology of Music,PSYCHOL MUSIC,PSYCHOL MUSIC,0305-7356,1741-3087,PSYCHIATRY/PSYCHOLOGY
Psychology of Religion and Spirituality,PSYCHOL RELIG SPIRITUAL,PSYCHOL RELIG SPIRIT,1941-1022,1943-1562,PSYCHIATRY/PSYCHOLOGY
PSYCHOLOGY OF SPORT AND EXERCISE,PSYCHOL SPORT EXERC,PSYCHOL SPORT EXERC,1469-0292,1878-5476,PSYCHIATRY/PSYCHOLOGY
Psychology of Violence,PSYCHOL VIOLENCE,PSYCHOL VIOLENCE,2152-0828,2152-081X,PSYCHIATRY/PSYCHOLOGY
PSYCHOLOGY OF WOMEN QUARTERLY,PSYCHOL WOMEN QUART,PSYCHOL WOMEN QUART,0361-6843,1471-6402,PSYCHIATRY/PSYCHOLOGY
PSYCHOLOGY PUBLIC POLICY AND LAW,PSYCHOL PUBLIC POLICY LAW,PSYCHOL PUBLIC POL L,1076-8971,1939-1528,PSYCHIATRY/PSYCHOLOGY
Psychology Research and Behavior Management,PSYCHOL RES BEHAV MANAG,PSYCHOL RES BEHAV MA,1179-1578,1179-1578,PSYCHIATRY/PSYCHOLOGY
Psychology & Sexuality,PSYCHOL SEX,PSYCHOL SEX,1941-9899,1941-9902,PSYCHIATRY/PSYCHOLOGY
PSYCHOMETRIKA,PSYCHOMETRIKA,PSYCHOMETRIKA,0033-3123,1860-0980,PSYCHIATRY/PSYCHOLOGY
PSYCHONOMIC BULLETIN & REVIEW,PSYCHONOMIC BULL REV,PSYCHON B REV,1069-9384,1531-5320,PSYCHIATRY/PSYCHOLOGY
Psycho-Oncologie,PSYCHO-ONCOLOGIE,PSYCHO-ONCOLOGIE,1778-3798,1778-381X,PSYCHIATRY/PSYCHOLOGY
PSYCHO-ONCOLOGY,PSYCHO-ONCOL,PSYCHO-ONCOLOGY,1057-9249,1099-1611,PSYCHIATRY/PSYCHOLOGY
PSYCHOPATHOLOGY,PSYCHOPATHOLOGY,PSYCHOPATHOLOGY,0254-4962,1423-033X,PSYCHIATRY/PSYCHOLOGY
PSYCHOPHYSIOLOGY,PSYCHOPHYSIOLOGY,PSYCHOPHYSIOLOGY,0048-5772,1469-8986,PSYCHIATRY/PSYCHOLOGY
Psychosis-Psychological Social and Integrative Approaches,PSYCHOSIS,PSYCHOSIS,1752-2439,1752-2447,PSYCHIATRY/PSYCHOLOGY
Psychosocial Intervention,PSYCHOSOC INTERV,PSYCHOSOC INTERV,1132-0559,1132-0559,PSYCHIATRY/PSYCHOLOGY
PSYCHOSOMATIC MEDICINE,PSYCHOSOM MED,PSYCHOSOM MED,0033-3174,1534-7796,PSYCHIATRY/PSYCHOLOGY
PSYCHOSOMATICS,PSYCHOSOMATICS,PSYCHOSOMATICS,0033-3182,null,PSYCHIATRY/PSYCHOLOGY
PSYCHOTHERAPEUT,PSYCHOTHERAPEUT,PSYCHOTHERAPEUT,0935-6185,1432-2080,PSYCHIATRY/PSYCHOLOGY
PSYCHOTHERAPIE PSYCHOSOMATIK MEDIZINISCHE PSYCHOLOGIE,PSYCHOTHER PSYCHOSOM MED PSYC,PSYCHOTHER PSYCH MED,0937-2032,1439-1058,PSYCHIATRY/PSYCHOLOGY
PSYCHOTHERAPY AND PSYCHOSOMATICS,PSYCHOTHER PSYCHOSOM,PSYCHOTHER PSYCHOSOM,0033-3190,1423-0348,PSYCHIATRY/PSYCHOLOGY
PSYCHOTHERAPY,PSYCHOTHERAPY,PSYCHOTHERAPY,0033-3204,1939-1536,PSYCHIATRY/PSYCHOLOGY
PSYCHOTHERAPY RESEARCH,PSYCHOTHER RES,PSYCHOTHER RES,1050-3307,1468-4381,PSYCHIATRY/PSYCHOLOGY
Qualitative Research in Psychology,QUAL RES PSYCHOL,QUAL RES PSYCHOL,1478-0887,1478-0895,PSYCHIATRY/PSYCHOLOGY
QUARTERLY JOURNAL OF EXPERIMENTAL PSYCHOLOGY,QUART J EXP PSYCHOL,Q J EXP PSYCHOL,1747-0218,1747-0226,PSYCHIATRY/PSYCHOLOGY
Recht & Psychiatrie,RECHT PSYCHIATR,RECHT PSYCHIATR,0724-2247,null,PSYCHIATRY/PSYCHOLOGY
REHABILITATION PSYCHOLOGY,REHABIL PSYCHOL,REHABIL PSYCHOL,0090-5550,1939-1544,PSYCHIATRY/PSYCHOLOGY
Research in Autism Spectrum Disorders,RES AUTISM SPECTR DISORD,RES AUTISM SPECT DIS,1750-9467,1878-0237,PSYCHIATRY/PSYCHOLOGY
Research in Human Development,RES HUM DEV,RES HUM DEV,1542-7609,1542-7617,PSYCHIATRY/PSYCHOLOGY
RESEARCH QUARTERLY FOR EXERCISE AND SPORT,RES QUART EXERCISE SPORT,RES Q EXERCISE SPORT,0270-1367,2168-3824,PSYCHIATRY/PSYCHOLOGY
Review Journal of Autism and Developmental Disorders,REV J AUTISM DEV DISORD,REV J AUTISM DEV DIS,2195-7177,2195-7185,PSYCHIATRY/PSYCHOLOGY
REVIEW OF GENERAL PSYCHOLOGY,REV GEN PSYCHOL,REV GEN PSYCHOL,1089-2680,1939-1552,PSYCHIATRY/PSYCHOLOGY
Revista Argentina de Clinica Psicologica,REV ARGENT CLIN PSICOL,REV ARGENT CLIN PSIC,0327-6716,null,PSYCHIATRY/PSYCHOLOGY
REVISTA BRASILEIRA DE PSIQUIATRIA,REV BRAS PSIQUIATR,REV BRAS PSIQUIATR,1516-4446,1809-452X,PSYCHIATRY/PSYCHOLOGY
Revista de Psicodidactica,REV PSICODIDACT,REV PSICODIDACT,1136-1034,2254-4372,PSYCHIATRY/PSYCHOLOGY
Revista de Psicologia del Deporte,REV PSICOL DEPORTE,REV PSICOL DEPORTE,1132-239X,null,PSYCHIATRY/PSYCHOLOGY
Revista de Psicologia Social,REV PSICOL SOC,REV PSICOL SOC,0213-4748,1579-3680,PSYCHIATRY/PSYCHOLOGY
Revista de Psiquiatria y Salud Mental,REV PSIQUIATR SALUD MENT,REV PSIQUIATR SALUD,1888-9891,1989-4600,PSYCHIATRY/PSYCHOLOGY
Revista Iberoamericana de Diagnostico y Evaluacion-e Avaliacao Psicologica,REV IBEROAM DIAGN EVAL-AVAL P,REV IBEROAM DIAGN EV,2183-6051,2183-6051,PSYCHIATRY/PSYCHOLOGY
REVISTA LATINOAMERICANA DE PSICOLOGIA,REV LATINOAMER PSICOL,REV LAT AM PSICOL,0120-0534,null,PSYCHIATRY/PSYCHOLOGY
REVISTA MEXICANA DE PSICOLOGIA,REV MEX PSICOL,REV MEX PSICOL,0185-6073,null,PSYCHIATRY/PSYCHOLOGY
Rivista di Psichiatria,RIV PSICHIATR,RIV PSICHIATR,0035-6484,2038-2502,PSYCHIATRY/PSYCHOLOGY
SALUD MENTAL,SALUD MENT,SALUD MENT,0185-3325,null,PSYCHIATRY/PSYCHOLOGY
SCANDINAVIAN JOURNAL OF PSYCHOLOGY,SCAND J PSYCHOL,SCAND J PSYCHOL,0036-5564,1467-9450,PSYCHIATRY/PSYCHOLOGY
SCHIZOPHRENIA BULLETIN,SCHIZOPHRENIA BULL,SCHIZOPHRENIA BULL,0586-7614,1745-1701,PSYCHIATRY/PSYCHOLOGY
SCHIZOPHRENIA RESEARCH,SCHIZOPHR RES,SCHIZOPHR RES,0920-9964,1573-2509,PSYCHIATRY/PSYCHOLOGY
School Mental Health,SCH MENT HEALTH,SCH MENT HEALTH,1866-2625,1866-2633,PSYCHIATRY/PSYCHOLOGY
SCHOOL PSYCHOLOGY INTERNATIONAL,SCHOOL PSYCHOL INT,SCHOOL PSYCHOL INT,0143-0343,1461-7374,PSYCHIATRY/PSYCHOLOGY
SCHOOL PSYCHOLOGY QUARTERLY,SCHOOL PSYCHOL QUART,SCHOOL PSYCHOL QUART,1045-3830,1939-1560,PSYCHIATRY/PSYCHOLOGY
SCHOOL PSYCHOLOGY REVIEW,SCHOOL PSYCHOL REV,SCHOOL PSYCHOL REV,0279-6015,null,PSYCHIATRY/PSYCHOLOGY
Self and Identity,SELF IDENTITY,SELF IDENTITY,1529-8868,1529-8876,PSYCHIATRY/PSYCHOLOGY
SEX ROLES,SEX ROLES,SEX ROLES,0360-0025,1573-2762,PSYCHIATRY/PSYCHOLOGY
SEXUAL ABUSE-A JOURNAL OF RESEARCH AND TREATMENT,SEX ABUSE-J RES TREAT,SEX ABUSE-J RES TR,1079-0632,1573-286X,PSYCHIATRY/PSYCHOLOGY
Sexual and Relationship Therapy,SEX RELATSH THER,SEX RELATSH THER,1468-1994,1468-1749,PSYCHIATRY/PSYCHOLOGY
SMALL GROUP RESEARCH,SMALL GROUP RES,SMALL GR RES,1046-4964,1552-8278,PSYCHIATRY/PSYCHOLOGY
SOCIAL BEHAVIOR AND PERSONALITY,SOC BEHAV PERSONAL,SOC BEHAV PERSONAL,0301-2212,1179-6391,PSYCHIATRY/PSYCHOLOGY
SOCIAL COGNITION,SOC COGNITION,SOC COGNITION,0278-016X,null,PSYCHIATRY/PSYCHOLOGY
SOCIAL DEVELOPMENT,SOC DEV,SOC DEV,0961-205X,1467-9507,PSYCHIATRY/PSYCHOLOGY
Social Influence,SOC INFLU,SOC INFLUENCE,1553-4510,1553-4529,PSYCHIATRY/PSYCHOLOGY
Social Issues and Policy Review,SOC SSUES POLICY REV,SOC ISS POLICY REV,1751-2395,1751-2409,PSYCHIATRY/PSYCHOLOGY
Social Neuroscience,SOC NEUROSCI,SOC NEUROSCI-UK,1747-0919,1747-0927,PSYCHIATRY/PSYCHOLOGY
SOCIAL PSYCHIATRY AND PSYCHIATRIC EPIDEMIOLOGY,SOC PSYCHIAT PSYCHIAT EPIDEM,SOC PSYCH PSYCH EPID,0933-7954,1433-9285,PSYCHIATRY/PSYCHOLOGY
Social Psychological and Personality Science,SOC PSYCHOL PERSONAL SCI,SOC PSYCHOL PERS SCI,1948-5506,1948-5514,PSYCHIATRY/PSYCHOLOGY
Social Psychology of Education,SOC PSYCHOL EDUC,SOC PSYCHOL EDUC,1381-2890,1573-1928,PSYCHIATRY/PSYCHOLOGY
SOCIAL PSYCHOLOGY QUARTERLY,SOC PSYCHOL QUART,SOC PSYCHOL QUART,0190-2725,1939-8999,PSYCHIATRY/PSYCHOLOGY
Social Psychology,SOC PSYCHOL,SOC PSYCHOL-GERMANY,1864-9335,2151-2590,PSYCHIATRY/PSYCHOLOGY
South African Journal of Psychiatry,SAJP-S AFR J PSYCHIATRY,SAJP-S AFR J PSYCHI,1608-9685,1608-9685,PSYCHIATRY/PSYCHOLOGY
SOUTH AFRICAN JOURNAL OF PSYCHOLOGY,S AFR J PSYCHOL,S AFR J PSYCHOL,0081-2463,2078-208X,PSYCHIATRY/PSYCHOLOGY
Spanish Journal of Psychology,SPAN J PSYCHOL,SPAN J PSYCHOL,1138-7416,1988-2904,PSYCHIATRY/PSYCHOLOGY
Spatial Cognition and Computation,SPAT COGN COMPUT,SPAT COGN COMPUT,1387-5868,1542-7633,PSYCHIATRY/PSYCHOLOGY
Sport Exercise and Performance Psychology,SPORT EXERC PERFORM PSYCHOL,SPORT EXERC PERFORM,2157-3905,2157-3913,PSYCHIATRY/PSYCHOLOGY
SPORT PSYCHOLOGIST,SPORT PSYCHOL,SPORT PSYCHOL,0888-4781,1543-2793,PSYCHIATRY/PSYCHOLOGY
STRESS AND HEALTH,STRESS HEALTH,STRESS HEALTH,1532-3005,1532-2998,PSYCHIATRY/PSYCHOLOGY
STRESS-THE INTERNATIONAL JOURNAL ON THE BIOLOGY OF STRESS,STRESS,STRESS,1025-3890,1607-8888,PSYCHIATRY/PSYCHOLOGY
STUDIA PSYCHOLOGICA,STUD PSYCHOL,STUD PSYCHOL,0039-3320,null,PSYCHIATRY/PSYCHOLOGY
Suchttherapie,SUCHTTHERAPIE,SUCHTTHERAPIE,1439-9903,1439-989X,PSYCHIATRY/PSYCHOLOGY
SUICIDE AND LIFE-THREATENING BEHAVIOR,SUICIDE LIFE-THREATEN BEHAV,SUICIDE LIFE-THREAT,0363-0234,1943-278X,PSYCHIATRY/PSYCHOLOGY
SWISS JOURNAL OF PSYCHOLOGY,SWISS J PSYCHOLOGY,SWISS J PSYCHOL,1421-0185,1662-0879,PSYCHIATRY/PSYCHOLOGY
TEACHING OF PSYCHOLOGY,TEACH PSYCHOL,TEACH PSYCHOL,0098-6283,1532-8023,PSYCHIATRY/PSYCHOLOGY
Terapia Psicologica,TER PSICOL,TER PSICOL,0718-4808,0718-4808,PSYCHIATRY/PSYCHOLOGY
THEORY & PSYCHOLOGY,THEOR PSYCHOL,THEOR PSYCHOL,0959-3543,1461-7447,PSYCHIATRY/PSYCHOLOGY
THINKING & REASONING,THINK REASONING,THINK REASONING,1354-6783,1464-0708,PSYCHIATRY/PSYCHOLOGY
Topics in Cognitive Science,TOP COGN SCI,TOP COGN SCI,1756-8757,1756-8765,PSYCHIATRY/PSYCHOLOGY
Training and Education in Professional Psychology,TRAIN EDUC PROF PSYCHOL,TRAIN EDUC PROF PSYC,1931-3918,1931-3926,PSYCHIATRY/PSYCHOLOGY
Transcultural Psychiatry,TRANSCULT PSYCHIATRY,TRANSCULT PSYCHIATRY,1363-4615,1461-7471,PSYCHIATRY/PSYCHOLOGY
Translational Psychiatry,TRANSL PSYCHIATR,TRANSL PSYCHIAT,2158-3188,2158-3188,PSYCHIATRY/PSYCHOLOGY
TRANSPORTATION RESEARCH PART F-TRAFFIC PSYCHOLOGY AND BEHAVIOUR,TRANSP RES PT F-TRAFFIC PSYCH,TRANSPORT RES F-TRAF,1369-8478,1873-5517,PSYCHIATRY/PSYCHOLOGY
TRAVAIL HUMAIN,TRAV HUM,TRAV HUMAIN,0041-1868,2104-3663,PSYCHIATRY/PSYCHOLOGY
TRENDS IN COGNITIVE SCIENCES,TRENDS COGN SCI,TRENDS COGN SCI,1364-6613,1879-307X,PSYCHIATRY/PSYCHOLOGY
Turk Psikiyatri Dergisi,TURK PSIKIYATR DERG,TURK PSIKIYATR DERG,1300-2163,1300-2163,PSYCHIATRY/PSYCHOLOGY
TURK PSIKOLOJI DERGISI,TURK PSIKOLOJI DERGISI,TURK PSIKOL DERG,1300-4433,null,PSYCHIATRY/PSYCHOLOGY
Universitas Psychologica,UNIV PSYCHOL,UNIV PSYCHOL,1657-9267,null,PSYCHIATRY/PSYCHOLOGY
VERHALTENSTHERAPIE,VERHALTENSTHERAPIE,VERHALTENSTHERAPIE,1016-6262,1423-0402,PSYCHIATRY/PSYCHOLOGY
VISUAL COGNITION,VIS COGN,VIS COGN,1350-6285,1464-0716,PSYCHIATRY/PSYCHOLOGY
VOPROSY PSIKHOLOGII,VOP PSIKHOL,VOP PSIKHOL+,0042-8841,null,PSYCHIATRY/PSYCHOLOGY
Wiley Interdisciplinary Reviews-Cognitive Science,WILEY INTERDISCIP REV-COGN SC,WIRES COGN SCI,1939-5078,1939-5086,PSYCHIATRY/PSYCHOLOGY
WOMEN & THERAPY,WOMEN THER,WOMEN THER,0270-3149,1541-0315,PSYCHIATRY/PSYCHOLOGY
WORK AND STRESS,WORK STRESS,WORK STRESS,0267-8373,1464-5335,PSYCHIATRY/PSYCHOLOGY
WORLD JOURNAL OF BIOLOGICAL PSYCHIATRY,WORLD J BIOL PSYCHIATRY,WORLD J BIOL PSYCHIA,1562-2975,1814-1412,PSYCHIATRY/PSYCHOLOGY
World Psychiatry,WORLD PSYCHIATRY,WORLD PSYCHIATRY,2051-5545,2051-5545,PSYCHIATRY/PSYCHOLOGY
ZEITSCHRIFT FUR ARBEITS-UND ORGANISATIONSPSYCHOLOGIE,Z ARB ORGANISATIONSPSYCHOL,Z ARB ORGAN,0932-4089,2190-6270,PSYCHIATRY/PSYCHOLOGY
ZEITSCHRIFT FUR ENTWICKLUNGSPSYCHOLOGIE UND PADAGOGISCHE PSYCHOLOGIE,Z ENTWICKLUNGSPSYCHOL PADAGO,Z ENTWICKL PADAGOGIS,0049-8637,2190-6262,PSYCHIATRY/PSYCHOLOGY
Zeitschrift fur Evaluation,Z EVAL,Z EVAL,1619-5515,1619-5515,PSYCHIATRY/PSYCHOLOGY
Zeitschrift fur Gesundheitspsychologie,Z GESUNDH,Z GESUNDHEITSPSYCHOL,0943-8149,2190-6289,PSYCHIATRY/PSYCHOLOGY
ZEITSCHRIFT FUR KINDER-UND JUGENDPSYCHIATRIE UND PSYCHOTHERAPIE,Z KINDER JUGENDPSYCHIAT PSYCH,Z KINDER JUG-PSYCH,1422-4917,1664-2880,PSYCHIATRY/PSYCHOLOGY
ZEITSCHRIFT FUR KLINISCHE PSYCHOLOGIE UND PSYCHOTHERAPIE,Z KLIN PSYCHOL PSYCHOTHER,Z KL PSYCH PSYCHOTH,1616-3443,2190-6297,PSYCHIATRY/PSYCHOLOGY
ZEITSCHRIFT FUR PADAGOGISCHE PSYCHOLOGIE,Z PADAGOG PSYCHOL,Z PADAGOG PSYCHOL,1010-0652,1664-2910,PSYCHIATRY/PSYCHOLOGY
Zeitschrift fur Psychiatrie Psychologie und Psychotherapie,Z PSYCHIATR PSYCHOL PSYCHOTHE,Z PSYCHIATR PSYCH PS,1661-4747,1664-2929,PSYCHIATRY/PSYCHOLOGY
Zeitschrift fur Psychologie-Journal of Psychology,Z PSYCHOL,Z PSYCHOL,2190-8370,2151-2604,PSYCHIATRY/PSYCHOLOGY
ZEITSCHRIFT FUR PSYCHOSOMATISCHE MEDIZIN UND PSYCHOTHERAPIE,Z PSYCHOSOM MED PSYCHOTHER,Z PSYCHOSOM MED PSYC,1438-3608,2196-8349,PSYCHIATRY/PSYCHOLOGY
Zeitschrift fur Sexualforschung,Z SEXFORSCH,Z SEXUALFORSCH,0932-8114,1438-9460,PSYCHIATRY/PSYCHOLOGY
Zeitschrift fur Sportpsychologie,Z SPORTPSYCHOL,Z SPORTPSYCHOL,1612-5010,2190-6300,PSYCHIATRY/PSYCHOLOGY
